root_label,time,method,model,cluster,marker_count,overlap_count,overlap_ratio,processed_genes
"overlap filter ratio=0, resolution=2.0, kmeans n=45",0,kmeans,logreg,14,75,15,0.2,"['apoc1.like', 'pltp', 'Xetrov90029035m', 'mmp3', 'nid2', 'fn1', 'cldn6.1', 'loc100497848', 'krt12', 'twsg1', 'fgf7', 'loc100497154', 'Xelaev18026267m.g', 'mxra5', 'Xelaev18043128m.g', 'krt12', 'sp9', 'fgf9', 'Xelaev18017960m.g', 'krt', 'lama1', 'krt5.7', 'megf6', 'msx1', 'fbn3', 'Xelaev18008610m.g', 'egfl6', 'vwde', 'frem2.1', 'efemp2', 'loc100488523', 'Xelaev18044182m.g', 'Xelaev18041553m.g', 'dlx5', 'loc100494515.like', 'cdc42ep3', 'krt', 'vwa2', 'serpinf1', 'mmp8', 'fabp3', 'optc', 'pmp22', 'cpa6', 'apcdd1', 'jchain', 'ucma', 'msx2', 'rspo2', 'ly6g6c', 'btg2', 'rspo2', 'aebp1', 'vcan', 'krt8', 'c3', 'esr.5', 'unc5b', 'tspear', 'sds', 'hey1', 'lum', 'ngfr', 'fgf7', 'fos', 'hmcn1', 'twsg1', 'slc25a5', 'ets2', 'hes9.2', 'loc100127750', 'Xetrov90018212m', 'dio3', 'robo4', 'Xelaev18038969m.g']"
"overlap filter ratio=0, resolution=2.0, kmeans n=45",0,kmeans,svm,14,75,12,0.16,"['pltp', 'c2orf40', 'lum', 'apoc1.like', 'Xelaev18001105m.g', 'loc100497848', 'Xelaev18003734m.g', 'ca2', 'loc100049121', 'Xetrov90029035m', 'fgf7', 'krt16', 'krt', 'Xelaev18026267m.g', 'Xelaev18002241m.g', 'Xelaev18045083m.g', 'fabp3', 'krt12', 'fgf9', 'ftmt', 'mxra5', 'col2a1', 'cpa6', 'loc100497154', 'vwde', 'fn1', 'Xetrov90011361m', 'Xelaev18017960m.g', 'Xelaev18019895m.g', 'cyp26a1', 'loc100488523', 'cxcl14', 'krt12', 'lrp1', 'Xelaev18043128m.g', 'egfl6', 'slc25a5', 'loc100494515.like', 'c3', 'fgf7', 'mmp3', 'rspo2', 'calm2', 'msx1', 'ctgf', 'nid2', 'ackr3', 'sp9', 'apoe', 'ptrf', 'cxcl8', 'rspo2', 'krt16', 'cpa6', 'msmb.3', 'crip1', 'aldoa', 'Xelaev18045052m.g', 'postn', 'krt', 'loc100127750', 'Xetrov90018123m', 'aldob', 'psap', 'msx2', 'c3orf52.like', 'pdgfd', 'atp6v0c', 'Xelaev18041553m.g', 'Xelaev18016080m.g', 'Xelaev18044182m.g', 'pmp22', 'ets2', 'hes3.3', 'jchain']"
"overlap filter ratio=0, resolution=2.0, kmeans n=45",0,kmeans,xgboost,14,75,8,0.10666666666666667,"['pltp', 'nid2', 'Xetrov90029035m', 'apoc1.like', 'lum', 'fn1', 'egfl6', 'krt12', 'c3', 'c2orf40', 'postn', 'mmp3', 'frem2.1', 'agr2', 'fgf7', 'mxra5', 'krt12', 'krt5.7', 'Xetrov90018123m', 'serpinb6', 'ly6g6c', 'Xelaev18026267m.g', 'sp9', 'rspo2', 'prss35', 'krt', 'loc100049121', 'loc100497848', 'twsg1', 'vwde', 'fos', 'loc100486730', 'neurl3', 'cttn.like.1', 'nif', 'rassf2', 'Xelaev18017960m.g', 'rab11fip1', 'Xelaev18017913m.g', 'fah', 'lep', 'ctsl', 'Xelaev18018612m.g', 'acan', 'pgam2', 'aebp1', 'loc733553', 'loc101732997', 'ccdc3', 'ucma', 'c8orf4', 'sfrp1', 'nkx3.1', 'uaca', 'pstpip1', 'rhcg', 'slc24a5', 'duox1', 'chrna7', 'scamp4', 'rbpms2', 'wdr72', 'Xelaev18018196m.g', 'rora', 'bcl2l10', 'scg3', 'Xelaev18018217m.g', 'map1a', 'loc100491594', 'sema7a', 'map1a.like', 'c15orf26', 'loc100491930', 'pkm', 'mespb']"
"overlap filter ratio=0, resolution=2.0, kmeans n=45",0,leiden,logreg,18,75,15,0.2,"['apoc1.like', 'fn1', 'krt16', 'krt16', 'frem2.1', 'pltp', 'Xetrov90029035m', 'krt5.7', 'krt', 'nid2', 'ly6g6c', 'bmp5', 'loc100127750', 'vcan', 'unc5b', 'krt12', 'mmp3', 'Xelaev18045649m.g', 'bmp2', 'lum', 'Xelaev18045052m.g', 'mmp19.like.2', 'lama1', 'Xelaev18007945m.g', 'megf6', 'Xelaev18038969m.g', 'sp9', 'cldn6.1', 'loc100497848', 'loc100490088', 'Xelaev18017960m.g', 'Xelaev18047430m.g', 'Xelaev18017913m.g', 'msx1', 'lpar3', 'efemp2', 'vwa2', 'fbn2', 'cxcl14', 'Xelaev18036372m.g', 'loc100497154', 'krt', 'fgfbp1', 'ackr3', 'slc25a5', 'rspo2', 'krt12', 'enpp2', 'rspo2', 'egfl6', 'mxra5', 'dlx2', 'Xelaev18008610m.g', 'cgref1', 'prss35', 'emx2', 'col27a1', 'vwde', 'fgf7', 'lamb2', 'Xetrov90018212m', 'Xetrov90011359m', 'lsp1', 'ccdc3', 'Xelaev18043128m.g', 'mmp8', 'tnc.like', 'loc100488523', 'aebp1', 'ftmt', 'tnn', 'fam83b', 'twsg1', 'pmp22', 'loc100494515.like']"
"overlap filter ratio=0, resolution=2.0, kmeans n=45",0,leiden,svm,18,75,7,0.09333333333333334,"['loc100049121', 'fn1', 'loc101734526', 'postn', 'Xetrov90018123m', 'krt', 'Xelaev18045083m.g', 'c2orf40', 'krt16', 'areg', 'ly6g6c', 'postn', 'ca2', 'bmp2', 'zswim4', 'c3', 'Xelaev18034081m.g', 'bmp5', 'loc100494945', 'krt19', 'nid2', 'ccdc3', 'rspo2', 'slc25a5', 'pltp', 'vwa2', 'mmp19.like.2', 'enpp2', 'Xelaev18003734m.g', 'loc100497103', 'efemp2', 'Xelaev18045649m.g', 'Xelaev18047861m.g', 'insig1', 'Xelaev18043128m.g', 'loc100494515.like', 'frem2.1', 'crip1', 'apoc1.like', 'Xelaev18002241m.g', 'ackr3', 'loc100494786', 'krt', 'abat', 'prss35', 'vcan', 'ptrf', 'loc101732997', 'Xelaev18017913m.g', 'krt16', 'Xelaev18008278m.g', 'loc100497848', 'col2a1', 'msx1', 'twsg1', 'mybph', 'msmb.3', 'entpd2', 'Xelaev18001105m.g', 'epyc', 'Xelaev18031834m.g', 'Xelaev18038892m.g', 'unc5b', 'esr.5', 'efemp1', 'nid1', 'sp9', 'npnt', 'c8orf4', 'cldn6.1', 'rspo2', 'Xelaev18045052m.g', 'cyp26a1', 'ngfr', 'slitrk6']"
"overlap filter ratio=0, resolution=2.0, kmeans n=45",0,leiden,xgboost,18,75,6,0.08,"['Xetrov90029035m', 'krt5.7', 'fn1', 'pltp', 'Xelaev18016080m.g', 'frem2.1', 'krt16', 'loc100049121', 'krt12', 'loc100497729', 'krt', 'Xetrov90018123m', 'mmp3', 'cpa6', 'nid2', 'tmem100', 'col5a3.like', 'loc101734526', 'col5a3.like', 'pzp', 'vwa2', 'atp6v0c', 'optc', 'fos', 'lama1', 'Xelaev18047430m.g', 'postn', 'apoe', 'krt', 'c2orf40', 'Xelaev18003734m.g', 'lpar3', 'mmp19.like.2', 'Xelaev18036372m.g', 'efemp2', 'krt16', 'apoc1.like', 'cldn6.2', 'Xelaev18045649m.g', 'cpa6', 'rab11fip1', 'loc100491594', 'mespb', 'mesp2', 'Xelaev18018612m.g', 'mespa', 'neurl3', 'fah', 'rhcg', 'rassf2', 'loc100486730', 'acan', 'nif', 'uaca', 'loc101734287', 'Xelaev18018196m.g', 'loc100491930', 'rora', 'reln', 'fgl2', 'ucma', 'ccdc3', 'loc101732997', 'Xelaev18017913m.g', 'lep', 'cttn.like.1', 'Xelaev18017960m.g', 'pstpip1', 'Xelaev18018009m.g', 'pkm', 'sema7a', 'rbpms2', 'c15orf26', 'scamp4', 'ctsl']"
"overlap filter ratio=0, resolution=2.0, kmeans n=45",0,louvain,logreg,21,75,17,0.22666666666666666,"['fn1', 'apoc1.like', 'krt5.7', 'Xelaev18036372m.g', 'nid2', 'krt16', 'krt16', 'frem2.1', 'mmp19.like.2', 'unc5b', 'Xetrov90029035m', 'vcan', 'Xelaev18047430m.g', 'krt12', 'krt', 'ly6g6c', 'vwa2', 'megf6', 'mmp3', 'lama1', 'lpar3', 'krt', 'Xelaev18045649m.g', 'krt12', 'bmp5', 'ftmt', 'pltp', 'Xelaev18045052m.g', 'Xetrov90011359m', 'sp9', 'rspo2', 'fbn2', 'fgf9', 'mmp8', 'loc100490088', 'msx1', 'fgf7', 'vwde', 'itgbl1', 'pmp22', 'Xelaev18038969m.g', 'rspo2', 'psap', 'fn1', 'cpa6', 'loc100497848', 'lum', 'btg2', 'prss35', 'fbn3', 'slc25a5', 'Xelaev18001105m.g', 'cldn6.1', 'ackr3', 'Xelaev18017960m.g', 'lamb2', 'serpinf1', 'tgfb2', 'dlx5', 'Xelaev18003734m.g', 'dlx2', 'pzp', 'cpa6', 'loc100497154', 'prss36', 'enpp2', 'c3', 'loc100494515.like', 'mxra8', 'Xelaev18026756m.g', 'fam83b', 'loc100491791', 'bmp2', 'hmcn1', 'tspear']"
"overlap filter ratio=0, resolution=2.0, kmeans n=45",0,louvain,svm,21,75,9,0.12,"['fn1', 'Xetrov90018123m', 'c2orf40', 'postn', 'ca2', 'Xelaev18045083m.g', 'postn', 'mmp19.like.2', 'Xelaev18036372m.g', 'nid2', 'unc5b', 'rspo2', 'cdc42ep3', 'slc25a5', 'megf6', 'krt5.7', 'loc101734526', 'nid1', 'bmp2', 'col1a2', 'atf3', 'loc100494945', 'loc100049121', 'vcan', 'jag1', 'krt', 'krt8', 'tac1', 'tnc.like', 'ctgf', 'prss36', 'Xelaev18040854m.g', 'krt12', 'c8orf4', 'Xelaev18034081m.g', 'krt16', 'tnc.like', 'fbn2', 'zswim4', 'fgf7', 'msx1', 'vwa2', 'rspo2', 'areg', 'col5a3.like', 'c3', 'loc100494515.like', 'cldn6.1', 'bmp5', 'c9', 'Xelaev18009504m.g', 'mybph', 'colgalt1', 'foxr1', 'ly6g6c', 'cpa6', 'Xelaev18045052m.g', 'apoe', 'hes3.3', 'itgbl1', 'bmp2', 'insig1', 'Xelaev18007945m.g', 'loc100497103', 'calm2', 'Xelaev18037602m.g', 'msmb.3', 'plac9', 'loc100127750', 'krt19', 'Xelaev18001105m.g', 'mxra8', 'msx2', 'cotl1', 'loc100490088']"
"overlap filter ratio=0, resolution=2.0, kmeans n=45",0,louvain,xgboost,21,75,10,0.13333333333333333,"['krt5.7', 'fn1', 'Xetrov90029035m', 'loc100049121', 'pltp', 'krt12', 'sp9', 'Xelaev18017960m.g', 'nid2', 'mmp3', 'frem2.1', 'Xetrov90018123m', 'c2orf40', 'gjb2', 'loc101734526', 'cpa6', 'mmp19.like.2', 'postn', 'krt', 'fgf7', 'atf3', 'fgf9', 'krt12', 'lpar3', 'krt16', 'lama1', 'ly6g6c', 'cdc42ep3', 'mxra5', 'vwa2', 'pdgfd', 'rspo2', 'lsp1', 'Xelaev18045649m.g', 'Xelaev18003734m.g', 'apoc1.like', 'Xelaev18036372m.g', 'optc', 'unc5b', 'megf6', 'efemp2', 'col5a3.like', 'rhcg', 'loc100491594', 'acan', 'mespa', 'rassf2', 'uaca', 'fah', 'rab11fip1', 'nif', 'loc100486730', 'neurl3', 'Xelaev18018612m.g', 'pgam2', 'mesp2', 'loc101734287', 'mespb', 'rbpms2', 'fgl2', 'ucma', 'ccdc3', 'loc101732997', 'Xelaev18017913m.g', 'lep', 'cttn.like.1', 'pstpip1', 'Xelaev18018009m.g', 'pkm', 'sema7a', 'rora', 'scamp4', 'loc100491930', 'ctsl', 'ctsh']"
"overlap filter ratio=0, resolution=2.0, kmeans n=45",1,kmeans,logreg,37,75,7,0.09333333333333334,"['apoc1.like', 'krt18', 'cldn6.1', 'Xelaev18026267m.g', 'frem2.1', 'vcan', 'krt16', 'Xetrov90029035m', 'cldn6.1', 'cldn6.2', 'bmp2', 'col14a1', 'krt', 'loc100490088', 'lama1', 'ets2', 'fn1', 'msx2', 'pltp', 'bambi', 'msx1', 'mmp8', 'loc100490088', 'mmp3', 'nid2', 'ackr3', 'igfbp2', 'apoe', 'egfl6', 'rbp1', 'dlx5', 'msx1', 'Xelaev18038148m.g', 'bhlha9', 'dlx5', 'cldn6.2', 'fras1', 'egfl6', 'Xelaev18022166m.g', 'krt16', 'lpar3', 'sp8', 'krt12', 'dlx3', 'c3', 'loc100127750', 'dkk1', 'net1', 'bmp4', 'enc1.2', 'bmp4', 'cpamd8', 'col14a1', 'fermt1', 'ablim3', 'dcn', 'fn1', 'Xelaev18007945m.g', 'dlx2', 'prdm1', 'lamb4', 'ly6g6c', 'mmp11', 'loc100497848', 'bmp7.1', 'ppp1r15a', 'itga2', 'Xetrov90028350m', 'dkk1', 'elf3', 'lrrn4cl', 'zswim4', 'id4', 'loc100494822', 'cxcl8']"
"overlap filter ratio=0, resolution=2.0, kmeans n=45",1,kmeans,svm,37,75,6,0.08,"['Xelaev18001106m.g', 'Xetrov90018123m', 'krt16', 'Xetrov90029035m', 'Xelaev18002241m.g', 'apoc1.like', 'timp.1', 'col11a1.like', 'ckm', 'sp8', 'Xelaev18045052m.g', 'Xelaev18045095m.g', 'hbg2', 'msx2', 'Xelaev18047430m.g', 'krt18', 'frem2.1', 'krt', 'nid2', 'postn', 'pltp', 'Xelaev18022166m.g', 'ogn', 'col14a1', 'lpar3', 'Xelaev18045307m.g', 'ets2', 'vit', 'mmp11', 'loc100049121', 'Xelaev18047462m.g', 'col1a2', 'Xelaev18047460m.g', 'myl1', 'cldn6.1', 'dlx5', 'Xelaev18026267m.g', 'mmp8', 'Xelaev18045649m.g', 'fabp3', 'mmp3', 'col1a1', 'loc100494945', 'lrrn4cl', 'c1qtnf3', 'vcan', 'Xelaev18009504m.g', 'Xelaev18021648m.g', 'loc100127750', 'elf3', 'frem2', 'col14a1', 'lama1', 'kpna2', 'Xelaev18022531m.g', 'net1', 'ereg', 'bmp2', 'Xelaev18007618m.g', 'krt19', 'fkbp1b', 'apoe', 'ablim3', 'dlx5', 'fras1', 'Xelaev18038148m.g', 'Xelaev18013503m.g', 'cldn6.1', 'fgf7', 'sdsl', 'c3', 'bcam', 'Xelaev18018009m.g', 'ackr3', 'rnasek']"
"overlap filter ratio=0, resolution=2.0, kmeans n=45",1,kmeans,xgboost,37,75,4,0.05333333333333334,"['Xetrov90029035m', 'apoc1.like', 'Xelaev18026267m.g', 'frem2.1', 'lpar3', 'col11a1.like', 'ogn', 'pltp', 'krt16', 'lama1', 'fras1', 'nid2', 'cldn6.2', 'Xetrov90018123m', 'dlx5', 'Xetrov90028350m', 'prss36', 'msx2', 'fn1', 'elf3', 'nell2', 'myf5', 'crabp1', 'Xelaev18018009m.g', 'sema7a', 'unnamed.L.3', 'rora', 'rbpms2', 'ctsl', 'ctsh', 'duox1', 'Xelaev18018196m.g', 'scg3', 'slc24a5', 'fgf7', 'loc100490291', 'map1a', 'map1a.like', 'ttll13', 'c15orf26', 'lta4h', 'loc100491930', 'loc100488087', 'pah', 'rhcg', 'hapln3', 'pstpip1', 'Xelaev18017960m.g', 'syt1.like', 'nts', 'phlda1', 'pdzrn4', 'cntn1', 'cav1', 'ptprb', 'atp6ap1.1', 'il17rel', 'lamb4', 'lyz', 'Xelaev18017743m.g', 'efcab10.like', 'reln', 'dcn', 'fgl2', 'gata3', 'acan', 'kera', 'net1', 'lep', 'odf3', 'cttn.like.1', 'epyc', 'Xelaev18017456m.g', 'eln2', 'pgam2']"
"overlap filter ratio=0, resolution=2.0, kmeans n=45",1,leiden,logreg,28,75,5,0.06666666666666667,"['apoc1.like', 'cldn6.1', 'bambi', 'krt18', 'cldn6.2', 'Xelaev18026267m.g', 'ly6g6c', 'ereg', 'krt12', 'egfl6', 'nid2', 'frem2.1', 'prss36', 'ets2', 'net1', 'loc101734526', 'mmp8', 'krt8', 'loc100127750', 'Xelaev18017960m.g', 'krt16', 'Xetrov90029035m', 'cpz', 'anxa2', 'Xelaev18045649m.g', 'egfl6', 'Xelaev18047430m.g', 'msx1', 'rdh10', 'timp.1', 'mmp3', 'dlx2', 'loc100049121', 'prdm1', 'bmp4', 'Xelaev18000469m.g', 'dlx5', 'twsg1', 'enc1.2', 'dlx3', 'igfbp2', 'Xetrov90028350m', 'loc100490088', 's100a11', 'apoe', 'lama5', 'cdc42ep3', 'Xelaev18007945m.g', 'lgals4', 'fn1', 'ctgf', 'Xelaev18029747m.g', 'lrrn4cl', 'bmp2', 'Xelaev18022166m.g', 'Xelaev18013503m.g', 'dlx3', 'ctgf', 'dlx5', 'Xelaev18010901m.g', 'frem2', 'hey1', 'c8orf4', 'Xelaev18038148m.g', 'rbp1', 'txn', 'bmp7.1', 'gng3', 'cpamd8', 'col14a1', 'loc100497390', 'slurp1l', 'mmp8', 'c9', 'edn1']"
"overlap filter ratio=0, resolution=2.0, kmeans n=45",1,leiden,svm,15,75,3,0.04,"['loc549413', 'emp1', 'col3a1', 'Xetrov90018123m', 'mmp8', 'krt12', 'krt18', 'fam83a', 'postn', 'Xelaev18022166m.g', 'ckm', 'loc100494786', 'Xelaev18016080m.g', 'tnip2', 'loc101734526', 'Xelaev18002241m.g', 'gamt', 'snai1', 'Xelaev18028574m.g', 'Xetrov90028350m', 'loc100494945', 'timp.1', 'fn1', 'Xelaev18009504m.g', 'clca3p.like', 's100z', 'myl1', 'krt19', 'Xelaev18026267m.g', 'Xelaev18013503m.g', 'ecm2.1', 'loc100491788', 'areg', 'col6a2', 'pltp', 'suclg2', 'htra4', 'bmp2', 'Xelaev18047430m.g', 'gpi', 'kera', 'hey1', 'prdm1', 'loc100489129', 'mmp3', 'Xelaev18007618m.g', 'itgb4', 'ctbs', 'fermt1', 'slurp1l', 'loc100127564', 'fras1', 'bambi', 'loc100488540', 'rdh10', 'cald1', 'loc100170419', 'ptgs2', 'nid2', 'bmp4', 'Xelaev18034626m.g', 'Xetrov90028350m', 'ctgf', 'Xelaev18000469m.g', 'apoc1.like', 'prss36', 'nmral1', 'Xelaev18016074m.g', 'ptgs1', 'klf2', 'timp.1', 'ppp1r3c.2', 'dlx2', 'krt8', 'col4a5']"
"overlap filter ratio=0, resolution=2.0, kmeans n=45",1,leiden,xgboost,16,75,2,0.02666666666666667,"['atp13a.like', 'loc100492852', 'itln1', 'Xetrov90018123m', 'krt16', 'Xelaev18015037m.g', 'Xelaev18022549m.g', 'dlx3', 'bhlha9', 'loc100492852', 'loc100490489', 'loc100494945', 'loc100491791', 'ly6g6c', 'umod.2', 'cyp26a1', 'dlx3', 'loc100485113', 'Xelaev18014807m.g', 's100a11', 'prdm1', 'loc100498371.like', 'spink2', 'loc549858', 'sp8', 'fam83b', 'ppp1r3c.2', 'Xelaev18045052m.g', 'mb21d1', 'aifm3', 'dkk1', 'krt', 'bmp4', 'loc101734375', 'sds', 'aldob', 'msx2', 'txn', 'Xelaev18032448m.g', 'ifnlr1', 'b3gnt7', 'tmem45b', 'loc100494822', 'loc100494945', 'golm1', 'dlx5', 'Xelaev18047460m.g', 'gjb2', 'elf3', 'dlx5', 'hopx', 'loc100494099', 'loc100135371', 'sypl2', 'slc24a5', 'scg3', 'Xelaev18018196m.g', 'duox1', 'fgf7', 'ctsh', 'loc100490291', 'cd53', 'map1a', 'map1a.like', 'ttll13', 'ctsl', 'c15orf26', 'loc100491930', 'loc100488087', 'rhcg', 'hapln3', 'acan', 'gnrhr2.nmi', 'nif', 'loc100492777']"
"overlap filter ratio=0, resolution=2.0, kmeans n=45",1,louvain,logreg,29,75,5,0.06666666666666667,"['cldn6.1', 'apoc1.like', 'bambi', 'krt18', 'Xelaev18026267m.g', 'frem2.1', 'Xelaev18017960m.g', 'cldn6.2', 'loc100049121', 'ereg', 'ly6g6c', 'msx1', 'cldn6.1', 'txn', 'loc100490088', 'Xelaev18022166m.g', 'bhlha9', 'prdm1', 'clca3p.like', 'col14a1', 'krt', 'bmp4', 'krt12', 'Xetrov90029035m', 'krt8', 'dlx5', 'bmp4', 'ets2', 'prdm1', 'twsg1', 'rdh10', 'vcan', 'egfl6', 'lama1', 'Xelaev18047430m.g', 'lama5', 'Xelaev18010901m.g', 'dlx2', 'cpz', 'Xetrov90028350m', 'Xelaev18013182m.g', 'krt16', 'net1', 'dlx3', 'ctsb', 'loc100127750', 'fn1', 'Xelaev18000469m.g', 'bmp2', 'ggt1', 'sdsl', 'fras1', 'mmp3', 'bcl11b', 'c8orf4', 'Xetrov90018123m', 'snai2', 'prss36', 'msx1', 'nid2', 'sdpr', 'col1a1', 'timp.1', 'lrrn4cl', 'frem2', 'apoe', 'loc100490088', 'leng9', 'slurp1l', 'cdc42ep3', 'plk2', 'cpamd8', 'tnip2', 'ppp1r15a', 'egfl6']"
"overlap filter ratio=0, resolution=2.0, kmeans n=45",1,louvain,svm,16,75,2,0.02666666666666667,"['loc549413', 'Xetrov90018123m', 'col3a1', 'ckm', 'Xelaev18016080m.g', 'loc100494945', 'krt12', 'Xetrov90028350m', 'prss36', 'tnip2', 'loc100494786', 'fam83a', 'egfl6', 'Xelaev18002241m.g', 'Xelaev18009504m.g', 'mmp8', 'Xelaev18026267m.g', 'Xelaev18022166m.g', 'apoc1.like', 'Xetrov90028350m', 'krt18', 'bmp4', 'kera', 'fras1', 'frem1', 'krt19', 'loc100488540', 'loc100049121', 'bgn', 'clca3p.like', 'msx2', 'npnt', 'snai1', 'bambi', 'fn1', 'vcan', 'gamt', 'col6a2', 'cald1', 'emp1', 'sdsl', 'lamb4', 'loc100127564', 'gpi', 'lama1', 'Xelaev18045095m.g', 'Xelaev18013503m.g', 'plk2', 'cdc42ep3', 'fermt1', 'ctsb', 'krt16', 'col4a5', 'pltp', 'apoe', 'ecm2.1', 'itgb4', 'slurp1l', 'bmp2', 'enc1.2', 'loc100489129', 'areg', 'ereg', 'loc100494515.like', 'ppp1r3c.2', 'postn', 'loc100170419', 'cdk1', 'fn1', 'epgn', 'anxa2', 'loc101734526', 'cdk1', 'Xetrov90011359m', 'Xelaev18047430m.g']"
"overlap filter ratio=0, resolution=2.0, kmeans n=45",1,louvain,xgboost,31,75,3,0.04,"['cfd', 'icam5', 'gngt1', 'cav1', 'gja4', 'cav1', 'krt8', 'pmp2', 'robo4', 'nid2', 'lama5', 'ch25h', 'scg3', 'Xelaev18018196m.g', 'ctsh', 'duox1', 'fgf7', 'ctsl', 'rbpms2', 'rora', 'slc24a5', 'eln2', 'loc100490291', 'map1a', 'sema7a', 'map1a.like', 'ttll13', 'c15orf26', 'loc100491930', 'loc100488087', 'rhcg', 'hapln3', 'acan', 'gnrhr2.nmi', 'unnamed.L.3', 'crabp1', 'Xelaev18018009m.g', 'Xelaev18018612m.g', 'myf5', 'nts', 'Xelaev18017456m.g', 'epyc', 'kera', 'dcn', 'lyz', 'ptprb', 'phlda1', 'syt1.like', 'nell2', 'pdzrn4', 'cntn1', 'atp6ap1.1', 'il17rel', 'lamb4', 'Xelaev18017743m.g', 'efcab10.like', 'reln', 'fgl2', 'gata3', 'net1', 'lep', 'odf3', 'cttn.like.1', 'Xelaev18017960m.g', 'pstpip1', 'nif', 'aebp1', 'il1b', 'gp1ba', 'loc101731311', 'Xelaev18019512m.g', 'Xelaev18019546m.g', 'loc100488434', 'Xelaev18019555m.g', 'loc100496720']"
"overlap filter ratio=0, resolution=2.0, kmeans n=45",2,kmeans,logreg,26,75,14,0.18666666666666668,"['apoc1.like', 'frem2.1', 'krt18', 'Xelaev18026267m.g', 'fn1', 'fras1', 'fam83b', 'mxra5', 'Xetrov90029035m', 'vcan', 'hmcn1', 'krt16', 'mmp3', 'pltp', 'nid2', 'loc100127750', 'Xelaev18008610m.g', 'krt', 'sp9', 'jchain', 'msx1', 'loc100490088', 'insig1', 'c3', 'krt16', 'prdm1', 'vwde', 'cpamd8', 'col27a1', 'mmp8', 'bhlha9', 'fgfr4', 'snai2', 'bmp2', 'hey1', 'lama1', 'bmp4', 'sp8', 'lpar3', 'msx2', 'fgf7', 'bmp4', 'twsg1', 'psap', 'twsg1', 'hes3.3', 'ripk4', 'aldob', 'slurp1l', 'bmp2', 'vwa2', 'ism2', 'dlx3', 'dlx3', 'mmp1', 'olfm4', 'rasd1', 'pdgfd', 'dlx5', 'glul.like.1', 'ckm', 'Xelaev18017960m.g', 'fos', 'lamb1', 'rspo2', 'loc100490088', 'sds', 'Xelaev18000469m.g', 'cldn6.2', 'bmp5', 'krt8', 'optc', 'egfl6', 'arg2', 'MGC75752']"
"overlap filter ratio=0, resolution=2.0, kmeans n=45",2,kmeans,svm,26,75,8,0.10666666666666667,"['col1a2', 'Xelaev18045052m.g', 'frem2.1', 'krt16', 'Xelaev18045096m.g', 'fam83b', 'krt18', 'krt16', 'fras1', 'Xetrov90029035m', 'mxra5', 'Xelaev18001105m.g', 'timp.1', 'Xelaev18026267m.g', 'fn1', 'Xelaev18001106m.g', 'bhlha9', 'krt', 'loc100490088', 'apoc1.like', 'snai2', 'loc100127750', 'sp9', 'txn', 'jchain', 'ppp1r3c.2', 'vwa2', 'bmp4', 'Xelaev18047460m.g', 'Xetrov90018123m', 'pltp', 'vcan', 'hmcn1', 'msx1', 'hey1', 'msmb.3', 'pdgfd', 'col2a1', 'dlx3', 'sp8', 'Xetrov90011359m', 'fabp3', 'c9', 'krt8', 'loc100049121', 'col1a1', 'foxr1', 'insig1', 'loc100491930', 'col1a2', 'msx2', 'loc100497390', 'lpar3', 'optc', 'loc100494945', 'vwc2l.2', 'slurp1l', 'fgfr4', 'lama1', 'nid2', 'Xelaev18017960m.g', 'robo4', 'bcl11b', 'Xelaev18047462m.g', 'elf3', 'atp6v0b', 'fam212a', 'tmem30b', 'fkbp1b', 'Xelaev18009504m.g', 'tuba4a', 'mmp1', 'col27a1', 'cst3', 'mtus1']"
"overlap filter ratio=0, resolution=2.0, kmeans n=45",2,kmeans,xgboost,26,75,7,0.09333333333333334,"['frem2.1', 'fras1', 'pltp', 'apoc1.like', 'Xelaev18026267m.g', 'fn1', 'krt18', 'krt16', 'krt', 'Xetrov90029035m', 'hmcn1', 'jchain', 'hey1', 'bmp5', 'fam83b', 'Xetrov90018123m', 'bmp4', 'col1a2', 'cldn6.2', 'rbp1', 'vwde', 'lamb1', 'duox1', 'rab27a', 'unnamed.L.3', 'loc101732997', 'ctsh', 'sema3a', 'wdr72', 'gata3', 'adm2', 'loc100127794', 'lep', 'sema7a', 'odf3', 'cttn.like.1', 'ctsl', 'rbpms2', 'Xelaev18017960m.g', 'crabp1', 'loc100496311.like', 'Xelaev18018009m.g', 'rora', 'loc101734287', 'efcab10.like', 'cacna2d1', 'ptprr', 'fgfr4', 'sncb', 'ano4.like.2', 'stab2', 'ascl1', 'pah', 'txnrd1', 'lta4h', 'myf5', 'mgat4c', 'epyc', 'lyz', 'ptprb', 'syt1.like', 'fgl2', 'slc38a4', 'nell2', 'pdzrn4', 'cntn1', 'ccr8', 'cav1', 'wnt2', 'atp6ap1.1', 'il17rel', 'kif21a', 'Xelaev18017743m.g', 'slc24a5', 'reln']"
"overlap filter ratio=0, resolution=2.0, kmeans n=45",2,leiden,logreg,26,75,11,0.14666666666666667,"['krt18', 'apoc1.like', 'frem2.1', 'Xelaev18026267m.g', 'vcan', 'fras1', 'hmcn1', 'Xelaev18008610m.g', 'loc100127750', 'nid2', 'fam83b', 'prdm1', 'pltp', 'bmp2', 'dlx3', 'msx1', 'bmp4', 'mxra5', 'loc100490088', 'snai2', 'fgfr4', 'mmp3', 'loc100490088', 'Xetrov90029035m', 'krt16', 'krt16', 'fos', 'jchain', 'cldn6.2', 'c3', 'vwde', 'fn1', 'insig1', 'sp8', 'bmp4', 'krt12', 'col27a1', 'krt', 'Xetrov90001378m', 'sp9', 'hey1', 'hes3.3', 'twsg1', 'dlx5', 'dlx5', 'cpamd8', 'ly6g6c', 'mmp8', 'lama1', 'Xelaev18001106m.g', 'fgf7', 'msx2', 'vwa2', 'loc100494945', 'ctgf', 'ripk4', 'Xelaev18017960m.g', 'lamb1', 'Xelaev18001105m.g', 'slurp1l', 'twsg1', 'rasd1', 'Xelaev18038148m.g', 'krt8', 'optc', 'bhlha9', 'bmp7.1', 'ecm1', 'lpar3', 'bmp2', 'psap', 'egfl6', 'Xelaev18000469m.g', 'bgn', 'cyp26a1']"
"overlap filter ratio=0, resolution=2.0, kmeans n=45",2,leiden,svm,26,75,7,0.09333333333333334,"['col1a2', 'Xelaev18045052m.g', 'Xelaev18045096m.g', 'krt18', 'krt16', 'Xelaev18008610m.g', 'frem2.1', 'krt16', 'hmcn1', 'pltp', 'snai2', 'fras1', 'bmp4', 'apoc1.like', 'jchain', 'Xelaev18026267m.g', 'fam83b', 'vwa2', 'Xelaev18001105m.g', 'txn', 'loc100494945', 'insig1', 'timp.1', 'loc100490088', 'prdm1', 'krt', 'col2a1', 'msmb.3', 'Xelaev18001106m.g', 'fn1', 'hey1', 'loc100127750', 'col1a2', 'mmp1', 'optc', 'loc100494945', 'loc100127564', 'fgfr4', 'olfm4', 'fabp3', 'tuba4a', 'vcan', 'col1a1', 'Xelaev18016080m.g', 'Xetrov90011359m', 'nid2', 'sp8', 'lama1', 'loc100049121', 'Xelaev18047460m.g', 'dlx2', 'Xelaev18040855m.g', 'Xelaev18047462m.g', 'gap43', 'col27a1', 'Xetrov90018123m', 'glul.like.1', 'msx1', 'bcl11b', 'Xelaev18020203m.g', 'col1a1', 'loc100497390', 'hey1', 'rasd1', 'Xetrov90001378m', 'MGC75752', 'hpd.like.1', 'dlx3', 'fam212a', 'jag2', 'cldn6.2', 'fgf7', 'ppp1r3c.2', 'fkbp1b', 'Xetrov90029035m']"
"overlap filter ratio=0, resolution=2.0, kmeans n=45",2,leiden,xgboost,26,75,4,0.05333333333333334,"['frem2.1', 'pltp', 'Xetrov90029035m', 'fras1', 'Xelaev18026267m.g', 'apoc1.like', 'loc100494945', 'krt18', 'col1a2', 'hmcn1', 'Xelaev18045052m.g', 'hey1', 'bmp4', 'jchain', 'msmb.3', 'krt', 'vwa2', 'krt16', 'loc100127750', 'cldn6.2', 'fam83b', 'lama1', 'Xelaev18001106m.g', 'fn1', 'col1a2', 'lamb1', 'Xetrov90001378m', 'crabp1', 'rbpms2', 'rab27a', 'duox1', 'ctsh', 'sema3a', 'ctsl', 'gata3', 'loc100127794', 'loc101732997', 'lep', 'rora', 'adm2', 'unnamed.L.3', 'odf3', 'sema7a', 'cttn.like.1', 'Xelaev18018009m.g', 'loc100496311.like', 'Xelaev18017960m.g', 'Xelaev18017743m.g', 'cacna2d1', 'fgl2', 'sncb', 'ano4.like.2', 'stab2', 'ascl1', 'pah', 'txnrd1', 'lta4h', 'myf5', 'mgat4c', 'epyc', 'lyz', 'ptprb', 'ptprr', 'syt1.like', 'slc38a4', 'nell2', 'pdzrn4', 'cntn1', 'ccr8', 'cav1', 'wnt2', 'atp6ap1.1', 'il17rel', 'kif21a', 'scg3']"
"overlap filter ratio=0, resolution=2.0, kmeans n=45",2,louvain,logreg,12,75,5,0.06666666666666667,"['apoc1.like', 'mmp8', 'frem2.1', 'krt18', 'cldn6.2', 'Xelaev18009504m.g', 'bmp7.1', 'loc100490088', 'vwde', 'dlx5', 'prdm1', 'bmp2', 'fras1', 'krt16', 'dlx3', 'cpamd8', 'twsg1', 'lama1', 'crip1', 'mmp1', 'loc100490816', 'cldn6.1', 'Xetrov90018123m', 'bhlha9', 'ereg', 'dlx2', 'mmp3', 'Xelaev18026267m.g', 'Xelaev18017960m.g', 'loc100127750', 'Xetrov90028350m', 'fam83b', 'krt16', 'ecm1', 'egfl6', 'ism2', 'glul.like.1', 'fos', 'sst', 'twsg1', 'enc1.2', 'col2a1', 'psap', 'cnfn.1', 'krt12', 'MGC75752', 'rhpn2', 'fgfbp1', 'tfap2b', 'mxra5', 'Xelaev18001105m.g', 'ppap2b', 'cotl1', 'aldob', 'enpp2', 'msx2', 'optc', 'smad4.1', 'txn', 'Xetrov90029035m', 'slc38a4', 'Xetrov90005752m', 'ctsb', 'gata2', 'col27a1', 'rdh10', 'ripk4', 'Xelaev18027940m.g', 'Xelaev18009066m.g', 'ndrg1', 'loc100487022', 'krt', 'ablim3', 'nr4a2', 'Xelaev18001106m.g']"
"overlap filter ratio=0, resolution=2.0, kmeans n=45",2,louvain,svm,12,75,4,0.05333333333333334,"['apoc1.like', 'msmb.3', 'cldn6.2', 'snai2', 'Xelaev18045096m.g', 'col1a2', 'mmp8', 'loc100127750', 'bmp7.1', 'Xetrov90028350m', 'prdm1', 'cpamd8', 'ecm1', 'dlx5', 'nr4a2', 'vwde', 'dlx2', 'sst', 'tfap2b', 'bmp2', 'col3a1', 'frem1', 'Xelaev18009504m.g', 'dlx5', 'slurp1l', 'bgn', 'rdh10', 'fgfbp1', 'loc100490816', 'atp1b3', 'twsg1', 'Xelaev18045052m.g', 'col1a1', 'Xetrov90010969m', 'loc100497390', 'ly6g6c', 'loc100049121', 'bmp2', 'krt19', 'cnfn.1', 'Xelaev18040496m.g', 'col1a1', 'gata3', 'lama1', 'mmp1', 'ism2', 'gata2', 'aldob', 'ctgf', 'Xelaev18027940m.g', 'Xelaev18018009m.g', 'Xelaev18035501m.g', 'ctsc', 'Xelaev18047462m.g', 'dlx3', 'app', 'rhpn2', 'scnn1b', 'epn3', 'frem2.1', 'loc100487022', 'dlx3', 'Xelaev18017960m.g', 'ppap2b', 'fras1', 'fgfr4', 'tuba1b', 'Xelaev18040855m.g', 'epgn', 'slc38a4', 'ggh.2', 'twsg1', 'cd37', 'secisbp2l', 'efnb2']"
"overlap filter ratio=0, resolution=2.0, kmeans n=45",2,louvain,xgboost,8,75,3,0.04,"['msmb.3', 'apoc1.like', 'Xelaev18045307m.g', 'bmp4', 'loc100049121', 'Xelaev18016080m.g', 'mmp3', 'fn1', 'col1a1', 'Xelaev18000469m.g', 'ism2', 'ezr', 'Xelaev18001105m.g', 'col1a1', 'areg', 'egfl6', 'Xelaev18040855m.g', 'Xetrov90018123m', 'aldob', 'mmp19.like.2', 'col1a2', 'pck1', 'c8orf4', 'krt16', 'fos', 'dlx3', 'vwde', 'loc100491930', 'Xelaev18001106m.g', 'dlx3', 'klf2', 'loc100490088', 'lrrn4cl', 'ppp1r13l', 'rhobtb1', 'Xelaev18047460m.g', 'Xelaev18040854m.g', 'bcl11b', 'txn', 'epn3', 'tfap2b', 'frem2.1', 'crip1', 'enpp2', 'krt12', 'loc100494945', 'vwc2l.2', 'mxra5', 'Xelaev18014623m.g', 'c9', 'Xetrov90028350m', 'Xelaev18045649m.g', 'gpi', 'Xelaev18009504m.g', 'vcan', 'Xelaev18038148m.g', 'loc100494945', 'vwa2', 'ctgf', 'hey1', 'optc', 'col2a1', 'psap', 'kera', 'ly6g6c', 'ppp1r3c.2', 'prdm1', 'krt16', 'krt18', 'sp8', 'dlx5', 'col3a1', 'loc100490088', 'Xelaev18015988m.g', 'Xelaev18013182m.g']"
"overlap filter ratio=0, resolution=2.0, kmeans n=45",3,kmeans,logreg,21,75,11,0.14666666666666667,"['apoc1.like', 'krt18', 'frem2.1', 'Xelaev18026267m.g', 'loc100486548', 'cldn6.1', 'pltp', 'mdk', 'azin2', 'col14a1', 'Xelaev18013239m.g', 'mmp8', 'egfl6', 'loc100486548', 'msx1', 'sox11', 'btg2', 'krt8', 'bambi', 'c3', 'hey1', 'mmp1', 'mxra5', 'cldn6.2', 'fos', 'nid2', 'loc100127750', 'msx2', 'ecm1', 'mmp8', 'loc100486832', 'krt12', 'fn1', 'hmcn1', 'frem2', 'lrrn4cl', 'vcan', 'bhlha9', 'krt', 'cpamd8', 'loc100487022', 'krt5.7', 'lamb2', 'fstl1', 'igfbp2', 'apcdd1', 'efemp2', 'prdm1', 'has2', 'sparc', 'loc100490088', 'loc100490088', 'adamts1', 'loc100497390', 'cldn4', 'Xelaev18010947m.g', 'cpz', 'Xelaev18036372m.g', 'krt12', 'c8orf4', 'gpx3', 'fras1', 'twsg1', 'aldoa', 'dlx5', 'fos', 'sp9', 'inhbb', 'dlx3', 'loc100498358', 'serpinh1', 'dlx3', 'jchain', 'plac9', 'Xetrov90029035m']"
"overlap filter ratio=0, resolution=2.0, kmeans n=45",3,kmeans,svm,21,75,6,0.08,"['slc25a5', 'ca2', 'Xelaev18045095m.g', 'apoc1.like', 'Xelaev18047460m.g', 'Xelaev18045052m.g', 'krt18', 'col1a2', 'Xelaev18047462m.g', 'lum', 'MGC75752', 'mmp8', 'mmp1', 'pltp', 'hey1', 'ifitm1', 'Xelaev18001105m.g', 'Xelaev18013239m.g', 'Xelaev18003734m.g', 'frem2.1', 'col5a3.like', 'col17a1', 'sox11', 'krt', 'loc100494945', 'loc100486548', 'col14a1', 'atp6v0c', 'prdm1', 'krt16', 'c3', 'krt8', 'bambi', 'txn', 'MGC75752', 'col1a1', 'fn1', 'myl9', 'azin2', 'loc100486832', 'mxra5', 'loc100486548', 'Xelaev18001106m.g', 'Xelaev18047430m.g', 'ereg', 'Xelaev18026267m.g', 'jchain', 'ly6g6c', 'loc100498358', 'ctsb', 'sdc2', 'Xelaev18045649m.g', 'lrrn4cl', 'Xelaev18028574m.g', 'c8orf4', 'lypd2', 'bgn', 'loc101733581', 'fstl1', 'mdk', 'fabp3', 'cxcl8', 'Xelaev18017960m.g', 'hmcn1', 'loc100487022', 'cldn6.1', 'tns4', 'Xelaev18010947m.g', 'Xelaev18009504m.g', 'dlx2', 'fam101b', 'lama3', 'myf5', 'fos', 'fkbp10']"
"overlap filter ratio=0, resolution=2.0, kmeans n=45",3,kmeans,xgboost,31,75,3,0.04,"['col1a1', 'Xelaev18016080m.g', 'ereg', 'col1a2', 'Xetrov90001378m', 'col17a1', 'loc100489129', 'krt15', 'MGC75752', 'loc100049121', 'fam101b', 'krt2l', 'ets2', 'lum', 'cldn4', 'fgfbp2', 'lpp', 'postn', 'cpamd8', 'egfl6', 'cotl1', 'kera', 'thbs3', 'loc101734526', 'azin2', 'fras1', 'txn', 'aldoa', 'fosl1', 'Xelaev18038148m.g', 'mdk', 'loc100490088', 'ly6g6c', 'myl9', 'Xelaev18005287m.g', 'kdelr3', 'jund', 'slit2', 'scg3', 'trib2', 'apoc1.like', 'frem2', 'ucma', 'cldn6.1', 'meis2', 'lum', 'c2orf40', 'itga2', 'col6a2', 'ptrf', 'col4a6.like', 'postn', 'cpz', 'col14a1', 'col6a2', 'plk2', 'dcn', 'Xelaev18036725m.g', 'Xelaev18009504m.g', 'ier2', 'btg2', 'fbn3', 'Xetrov90028350m', 'hes1', 'Xelaev18001105m.g', 'loc100490088', 'col2a1', 'mmp2', 'col5a3.like', 'fkbp14', 'igfbp2', 'dcn', 'myl9', 'fos', 'mmp8']"
"overlap filter ratio=0, resolution=2.0, kmeans n=45",3,leiden,logreg,30,75,4,0.05333333333333334,"['krt16', 'krt18', 'krt5.7', 'krt16', 'apoc1.like', 'mdk', 'egfl6', 'loc100486548', 'cldn6.1', 'Xelaev18036372m.g', 'loc100490088', 'loc100490088', 'frem2.1', 'loc100486548', 'sparc', 'cldn4', 'fos', 'mmp1', 'btg2', 'sox11', 'fras1', 'krt12', 'Xelaev18047430m.g', 'mmp8', 'serpinh1', 'cldn6.2', 'frem2', 'col3a1', 'col14a1', 'azin2', 'krt19', 'lum', 'mmp8', 'loc101733581', 'apoe', 'Xelaev18013239m.g', 'fos', 'ggt1', 'Xelaev18001106m.g', 'cpz', 'ier2', 'gpx3', 'nptx1', 'Xelaev18026267m.g', 'Xelaev18010947m.g', 'loc100127750', 'c8orf4', 'Xelaev18045052m.g', 'mia', 'msx1', 'c2orf40', 'col1a1', 'ptgs1', 'bcam', 'igfbp2', 'vwa2', 'inhbb', 'dlx3', 'hmcn1', 'hes1', 'col1a1', 'Xelaev18028574m.g', 'fkbp10', 'krt8', 'dcn', 'nid2', 'tagln2', 'areg', 'psap', 'ets2', 'Xelaev18001105m.g', 'mxra5', 'ereg', 'efemp2', 'hey1']"
"overlap filter ratio=0, resolution=2.0, kmeans n=45",3,leiden,svm,30,75,2,0.02666666666666667,"['krt16', 'Xelaev18045095m.g', 'slc25a5', 'ca2', 'krt16', 'krt12', 'krt18', 'Xelaev18047460m.g', 'ly6g6c', 'timp.1', 'loc100490088', 'col1a2', 'Xelaev18047462m.g', 'MGC75752', 'Xelaev18045052m.g', 'Xelaev18045649m.g', 'mmp1', 'Xelaev18009504m.g', 'col17a1', 'Xelaev18036372m.g', 'Xelaev18016080m.g', 'loc100494945', 'krt5.7', 'fras1', 'loc100490088', 'atp6v0c', 'mmp8', 'loc100486548', 'mmp3', 'lep', 'mia', 'inhbb', 'Xelaev18003734m.g', 'col3a1', 'kdelr3', 'hmcn1', 'apoc1.like', 'Xelaev18001105m.g', 'Xetrov90018122m', 'egfl6', 'frem2.1', 'nptx1', 'loc100486548', 'col14a1', 'sds', 'serpinh1', 'Xelaev18036725m.g', 'sox11', 'ggt1', 'c8orf4', 'ifitm1', 'areg', 'mdk', 'Xelaev18040854m.g', 'ucma', 'cldn6.2', 'cldn6.1', 'lum', 'krt19', 'fam46a', 'thbs1', 'ltbp1', 'loc100049121', 'loc100486832', 'Xelaev18013239m.g', 'fos', 'loc100491930', 'Xetrov90028060m', 'cdo1', 'Xelaev18047430m.g', 'htra3', 'fam101b', 'loc100488540', 'ptafr', 'col6a2']"
"overlap filter ratio=0, resolution=2.0, kmeans n=45",3,leiden,xgboost,30,75,4,0.05333333333333334,"['frem2.1', 'cldn6.2', 'mdk', 'fgfbp2', 'inhbb', 'loc100486548', 'egfl6', 'lep', 'lpar3', 'fras1', 'col17a1', 'Xelaev18036372m.g', 'lama1', 'krt12', 'krt16', 'mia', 'col1a1', 'ogn', 'htra3', 'rasl11b', 'Xelaev18009504m.g', 'col2a1', 'Xetrov90029035m', 'loc100486548', 'igfbp2', 'loc100490088', 'ly6g6c', 'ecm1', 'hmcn1', 'dlx3', 'frem2', 'tnip2', 'prdm1', 'fkbp10', 'col14a1', 'dcn', 'prkcq', 'efcab10.like', 'reln', 'fgl2', 'sema3c', 'ucma', 'ccdc3', 'itih5', 'slc26a2.2', 'tmem110l', 'lta4h', 'dpysl3', 'lyz', 'Xelaev18017913m.g', 'loc105946937', 'atp6v0e1', 'odf3', 'stc2', 'ascl1', 'hmp19', 'hrh2', 'Xelaev18017743m.g', 'slc26a3.1', 'kif21a', 'phlda1', 'stab2', 'syt1.like', 'lum', 'nell2', 'pdzrn4', 'sncb', 'Xelaev18017960m.g', 'kera', 'cntn1', 'hk2', 'foxp2', 'cav1', 'cadps2.like', 'epyc']"
"overlap filter ratio=0, resolution=2.0, kmeans n=45",3,louvain,logreg,25,75,4,0.05333333333333334,"['zfand2a', 'txnrd3', 'col17a1', 'actn1', 'col9a1', 'Xelaev18047453m.g', 'Xelaev18022528m.g', 'ckb', 'Xelaev18047609m.g', 'grn', 'rgs1', 'Xelaev18015757m.g', 'egfl6', 'reep5', 'ca2', 'fstl1', 'lgmn', 'tnnc2', 'ifi30', 'msra.1', 'rab6a', 'ctss', 'col1a2', 'Xelaev18045095m.g', 'psap', 'nfkbia', 'col1a1', 'Xelaev18034843m.g', 'Xelaev18047460m.g', 'rcn3', 'Xelaev18027940m.g', 'ucma', 'loc100494786', 'tmem72', 'actc1', 'Xelaev18043421m.g', 'dcn', 'frem2', 'socs1', 'efcab1', 'tuba1b', 'ikzf1', 'alas1', 'aldob', 'ca2', 'col1a2', 'Xelaev18036117m.g', 'apoe', 'bhlhe40', 'itga2', 'marcksl1', 'tubb2b', 'lum', 'ctsc', 'npnt', 'il2rg', 'krt16', 'ptrf', 'efcab10.like', 'loc100486548', 'gsta1', 'krt', 'atp6v0d2', 'Xelaev18034626m.g', 'fam101b', 'nova1', 'loc100487808', 'loc100490816', 'lamb2', 'nefl', 'otos', 'kif21a', 'hes5.2', 'insm1', 'col14a1']"
"overlap filter ratio=0, resolution=2.0, kmeans n=45",3,louvain,svm,2,75,2,0.02666666666666667,"['mmp8', 'ereg', 'apoc1.like', 'krt2l', 'loc101734526', 'loc100049121', 'loc100489129', 'postn', 'timp.1', 'Xelaev18001106m.g', 'lama3', 'ogn', 'MGC75752', 'Xelaev18040854m.g', 'Xelaev18001105m.g', 'emx2', 'col3a1', 'azin2', 'dcn', 'loc100486548', 'Xetrov90018122m', 'slc25a5', 'Xelaev18047460m.g', 'cldn6.1', 'areg', 'krt5.7', 'Xelaev18045095m.g', 'Xelaev18047430m.g', 'krt16', 'loc100497390', 'msx2', 'ets2', 'pltp', 'apoe', 'myl9', 'snai2', 'col17a1', 'adamts1', 'cnn1', 'Xelaev18009504m.g', 'fos', 'loc101733581', 'frem2', 'ca2', 'mmp2', 'Xelaev18047462m.g', 'krt16', 'gpr84', 'rhou', 'clca3p.like', 'col24a1', 'app', 'rasl11b', 'ctsc', 'ch25h', 'fam101b', 'ctgf', 'dlx3', 'f13a1', 'fermt1', 'c8orf4', 'msx1', 'col1a2', 'Xelaev18017913m.g', 'tgfb1', 'Xelaev18017743m.g', 'rassf6', 'msmb.3', 'Xetrov90011359m', 'Xelaev18036725m.g', 'atp6v0c', 'leng9', 'cav1', 'fam83a', 'Xelaev18038148m.g']"
"overlap filter ratio=0, resolution=2.0, kmeans n=45",3,louvain,xgboost,19,75,2,0.02666666666666667,"['colec12', 'Xelaev18036372m.g', 'ifitm1', 'twist1', 'ptx3', 'nptx1', 'nid1', 'lect1', 'prss35', 'timp.1', 'spon2', 'col4a1', 'fbn3', 'col9a1', 'otos', 'rspo2', 'Xelaev18041553m.g', 'tnc.like', 'arhgef40', 'myl9', 'Xetrov90005752m', 'cthrc1', 'itgbl1', 'cd81', 'ctgf', 'col1a1', 'tmem100', 'loc101733581', 'loc100486548', 'col6a2', 'ptx3', 'fstl1', 'mdk', 'tnc.like', 'foxp2', 'sncb', 'nts', 'lta4h', 'ccdc3', 'itih5', 'pah', 'tmem110l', 'ascl1', 'stab2', 'prkcq', 'epyc', 'Xelaev18017913m.g', 'loc105946937', 'lep', 'hk2', 'odf3', 'cttn.like.1', 'Xelaev18017960m.g', 'loc100498358', 'cplx2', 'ucma', 'sema3c', 'cntn1', 'fgl2', 'pdzrn4', 'cav1', 'nell2', 'cadps2.like', 'pstpip1', 'atp6ap1.1', 'syt1.like', 'asb15', 'mlc1', 'kif21a', 'slc26a3.1', 'Xelaev18017743m.g', 'phlda1', 'lyz', 'efcab10.like', 'reln']"
"overlap filter ratio=0, resolution=2.0, kmeans n=45",all,kmeans,logreg,18,75,11,0.14666666666666667,"['apoc1.like', 'fn1', 'nid2', 'Xetrov90029035m', 'krt5.7', 'krt16', 'frem2.1', 'pltp', 'lamc1', 'vcan', 'loc100490088', 'fabp3', 'snai2', 'bmp4', 'hey1', 'mmp3', 'col14a1', 'krt', 'Xelaev18026267m.g', 'ly6g6c', 'mxra5', 'jchain', 'cpamd8', 'bmp2', 'optc', 'loc100127750', 'loc100497848', 'jag1', 'dlx5', 'fgf7', 'dlx3', 'msx1', 'hey1', 'fn1', 'Xelaev18044182m.g', 'bcl11b', 'twsg1', 'Xelaev18041553m.g', 'ptgs1', 'apcdd1', 'ggt1', 'egfl6', 'dlx5', 'msx2', 'cpa6', 'lum', 'lpar3', 'lrp1', 'fgf7', 'pnhd', 'sp9', 'Xelaev18008610m.g', 'lama1', 'Xelaev18043128m.g', 'bmp2', 'fam83b', 'rcan1', 'bmp4', 'Xetrov90011361m', 'fos', 'loc100494786', 'bhlha9', 'vwa2', 'gata2', 'loc100497154', 'c3', 'ism1', 'ccdc3', 'dlx3', 'fabp3', 'Xelaev18041402m.g', 'ngfr', 'itga2', 'efemp2', 'loc100488523']"
"overlap filter ratio=0, resolution=2.0, kmeans n=45",all,kmeans,svm,18,75,7,0.09333333333333334,"['lum', 'Xetrov90018123m', 'col1a2', 'Xetrov90029035m', 'Xelaev18001105m.g', 'hbg2', 'fn1', 'ckm', 'apoc1.like', 'krt16', 'Xelaev18047460m.g', 'Xelaev18041553m.g', 'Xelaev18002241m.g', 'txn', 'nid2', 'snai2', 'timp.1', 'Xelaev18045082m.g', 'lamc1', 'col1a1', 'mxra5', 'Xelaev18009504m.g', 'ppp1r15a', 'fabp3', 'pnhd', 'Xelaev18047452m.g', 'jag1', 'thbs3', 'msmb.3', 'fgf7', 'loc100497154', 'cpa6', 'hey1', 'Xelaev18003734m.g', 'col2a1', 'jchain', 'col27a1', 'bmp4', 'Xelaev18047453m.g', 'msx1', 'loc100497848', 'loc100049121', 'bmp2', 'kera', 'bcl11b', 'cldn6.1', 'ackr3', 'postn', 'krt19', 'pltp', 'bgn', 'has2', 'cxcl14', 'sp9', 'loc100494945', 'krt5.7', 'loc100490088', 'hes3.3', 'loc100491930', 'hpd.like.1', 'gpr143', 'frem2.1', 'loc100497390', 'bcam', 'dab2', 'tnmd', 'pck1', 'foxr1', 'Xelaev18040855m.g', 'Xetrov90011361m', 'Xelaev18045307m.g', 'MGC75752', 'rgs1', 'gata2', 'actc1']"
"overlap filter ratio=0, resolution=2.0, kmeans n=45",all,kmeans,xgboost,18,75,9,0.12,"['Xetrov90029035m', 'lum', 'apoc1.like', 'pltp', 'col1a2', 'fn1', 'mxra5', 'frem2.1', 'Xelaev18009504m.g', 'nid2', 'Xetrov90018123m', 'egfl6', 'bmp5', 'col14a1', 'col1a1', 'cpa6', 'krt', 'fgf7', 'krt', 'optc', 'krt5.7', 'lamb2', 'postn', 'timp.1', 'col2a1', 'efemp2', 'bmp4', 'lamc1', 'fabp3', 'snai2', 'jag1', 'lrrn4cl', 'ngfr', 'cpamd8', 'loc100127564', 'bcl11b', 'loc100049121', 'mmp3', 'bmp2', 'bhlha9', 'dlx3', 'col1a1', 'rhcg', 'nefl', 'nefm', 'stc1', 'pgam2', 'acan', 'uaca', 'fah', 'rab11fip1', 'loc733553', 'nif', 'rassf2', 'neurl3', 'aebp1', 'Xelaev18018612m.g', 'il1b', 'loxl2', 'eln2', 'mespa', 'scamp4', 'loc101732997', 'loc105946937', 'lep', 'cttn.like.1', 'Xelaev18017960m.g', 'slc28a2', 'crabp1', 'Xelaev18018009m.g', 'loxl1', 'sema7a', 'rora', 'rbpms2', 'ctsl']"
"overlap filter ratio=0, resolution=2.0, kmeans n=45",all,leiden,logreg,24,75,8,0.10666666666666667,"['apoc1.like', 'Xetrov90029035m', 'frem2.1', 'vcan', 'pthlh', 'fos', 'fn1', 'krt16', 'fos', 'ly6g6c', 'krt16', 'col14a1', 'fn1', 'krt5.7', 'bmp4', 'ets2', 'mmp8', 'efemp2', 'fam83b', 'apcdd1', 'Xelaev18026267m.g', 'cldn6.2', 'egfl6', 'aebp1', 'mmp11', 'loc100490088', 'psap', 'enpp2', 'mmp8', 'angptl2', 'lamc1', 'Xelaev18041402m.g', 'hes2', 'optc', 'cpamd8', 'bmp4', 'bmp2', 'cxcl8', 'c8orf4', 'Xelaev18017960m.g', 'lamb2', 'lama1', 'col27a1', 'pltp', 'pnhd', 'bhlha9', 'bcam', 'Xelaev18013239m.g', 'msx1', 'ackr3', 'ctgf', 'bmp2', 'lep', 'Xelaev18015757m.g', 'Xelaev18045649m.g', 'lum', 'Xelaev18001105m.g', 'lpar3', 'vit', 'krt', 'fabp3', 'fgf7', 'snai2', 'loc100486548', 'prss36', 'Xelaev18010901m.g', 'sp9', 'Xelaev18008610m.g', 'zc3h12a', 'cldn6.2', 'rasd1', 'dlx3', 'ecm2.1', 'loc100488523', 'hey1']"
"overlap filter ratio=0, resolution=2.0, kmeans n=45",all,leiden,svm,7,75,5,0.06666666666666667,"['apoc1.like', 'col1a2', 'prss36', 'Xelaev18047453m.g', 'Xelaev18044308m.g', 'sds', 'ctsb', 'wdr16', 'col1a1', 'Xelaev18007618m.g', 'col2a1', 'cpamd8', 'col9a3', 'ckm', 'rab6a', 'lum', 'thtpa', 'sdsl', 'pgd', 'krt12', 'ogn', 'Xelaev18015757m.g', 'Xetrov90029035m', 'twsg1', 'emp1', 'col1a1', 'Xelaev18038710m.g', 'tcn2', 'loc100494099', 'dkk1', 'Xelaev18027466m.g', 'loc100488523', 'rasd1', 'lmx1b.1', 'Xelaev18003734m.g', 'tgfb2', 'Xelaev18032450m.g', 'Xelaev18020203m.g', 'loc101732654.like', 'krt16', 'jag1', 'loc100127750', 'pygl', 'psap', 'fabp3', 'ackr3', 'aebp1', 'zc3h12a', 'Xelaev18001105m.g', 's100z', 'sytl1', 'nid2', 'pnhd', 'sox3', 'hoxa13', 'ch25h', 'tnmd', 'fabp4', 'epx', 'krt5.7', 'vgll1', 'pzp', 'hey1', 'loc100485626', 'cndp2', 'Xelaev18000342m.g', 'tspan2', 'chrd.2', 'htra3', 'fos', 'itln1', 'ogn', 'robo4', 'cplx1', 'bmp2']"
"overlap filter ratio=0, resolution=2.0, kmeans n=45",all,leiden,xgboost,24,75,7,0.09333333333333334,"['Xetrov90029035m', 'frem2.1', 'apoc1.like', 'lum', 'lama1', 'fn1', 'cpa6', 'krt5.7', 'lrp1', 'bmp2', 'hes2', 'loc100127564', 'col1a1', 'Xelaev18016080m.g', 'pthlh', 'loc100127750', 'ogn', 'loc100488697', 'cdh11', 'col14a1', 'krt16', 'krt', 'egfl6', 'krt16', 'loc100497390', 'pltp', 'Xelaev18026267m.g', 'col1a1', 'col1a2', 'mmp11', 'jag1', 'fn1', 'loc100049121', 'mmp8', 'ptgs1', 'Xelaev18018009m.g', 'postn', 'efemp2', 'fam212a', 'Xetrov90018123m', 'ly6g6c', 'optc', 'loc100486548', 'prss36', 'Xelaev18041402m.g', 'lpar3', 'ecm1', 'ctgf', 'bcl11b', 'bmp4', 'mmp8', 'Xelaev18003734m.g', 'dlx5', 'c8orf4', 'psap', 'lum', 'MGC75752', 'clca3p.like', 'cpa6', 'lamc1', 'fos', 'txn', 'col2a1', 'krt12', 'Xelaev18001105m.g', 'cldn6.2', 'vcan', 'vwa2', 'loc101734526', 'nid2', 'snai2', 'timp.1', 'bcam', 'pgam2', 'duox1']"
"overlap filter ratio=0, resolution=2.0, kmeans n=45",all,louvain,logreg,25,75,8,0.10666666666666667,"['krt16', 'apoc1.like', 'fos', 'fos', 'vcan', 'frem2.1', 'pthlh', 'fn1', 'fn1', 'bmp4', 'cldn6.2', 'ly6g6c', 'nid2', 'loc100490088', 'krt5.7', 'col14a1', 'fam83b', 'krt16', 'snai2', 'egfl6', 'efemp2', 'mmp8', 'Xetrov90029035m', 'Xelaev18026267m.g', 'apcdd1', 'ets2', 'optc', 'bmp4', 'Xelaev18001105m.g', 'mmp8', 'enpp2', 'loc100486548', 'c8orf4', 'cpamd8', 'loc100127750', 'lpar3', 'clca3p.like', 'aebp1', 'pnhd', 'angptl2', 'zswim4', 'lama1', 'ptgs1', 'sp9', 'emx2', 'krt', 'mmp11', 'fabp3', 'dlx5', 'krt', 'col27a1', 'bcam', 'msx2', 'ctgf', 'insig1', 'lep', 'Xelaev18013239m.g', 'Xelaev18038699m.g', 'prss36', 'Xelaev18041402m.g', 'lamb2', 'ppp1r15a', 'hmcn1', 'cldn6.2', 'fgf7', 'dlx5', 'ctsb', 'hes2', 'col1a1', 'bmp2', 'twsg1', 'lum', 'mxra5', 'epyc', 'loc100488523']"
"overlap filter ratio=0, resolution=2.0, kmeans n=45",all,louvain,svm,25,75,7,0.09333333333333334,"['krt16', 'lum', 'emx2', 'Xetrov90018123m', 'txn', 'col2a1', 'loc100486548', 'vcan', 'frem2.1', 'fam83b', 'col1a2', 'optc', 'Xelaev18045082m.g', 'Xelaev18002241m.g', 'hbg2', 'fos', 'ptgs1', 'pthlh', 'krt16', 'Xelaev18008278m.g', 'loc100127564', 'MGC75752', 'krt', 'krt5.7', 'entpd2', 'loc100488697', 'fabp3', 'prss36', 'bmp4', 'egfl6', 'fbn2', 'Xetrov90029035m', 'ppp1r3c.2', 'snai2', 'ppp1r15a', 'angptl2', 'twsg1', 'nid2', 'il17rel', 'hmcn1', 'Xelaev18047452m.g', 'cldn6.2', 'enpp2', 'psca', 'efemp2', 'lama1', 'dlx2', 'areg', 'ctgf', 'MGC75752', 'lep', 'dlx3', 'Xelaev18010947m.g', 'actc1', 'fn1', 'hes3.3', 'Xelaev18003734m.g', 'loc100490088', 'epyc', 'thbs3', 'Xelaev18016080m.g', 'loc100497390', 'oaf', 'npnt', 'lpar3', 'ptafr', 'arg2', 'Xetrov90011359m', 'Xetrov90011361m', 'rspo2', 'nr4a2', 'dlx5', 'insig1', 'mmp8', 'c8orf4']"
"overlap filter ratio=0, resolution=2.0, kmeans n=45",all,louvain,xgboost,25,75,5,0.06666666666666667,"['Xetrov90029035m', 'frem2.1', 'apoc1.like', 'lama1', 'fn1', 'cpa6', 'krt5.7', 'psca', 'hes2', 'lum', 'pthlh', 'col14a1', 'krt16', 'col1a2', 'col1a1', 'krt16', 'loc100494072.like', 'nmral1', 'bmp2', 'loc100127564', 'col2a1', 'mmp8', 'dlx5', 'postn', 'col1a1', 'Xelaev18010901m.g', 'prss36', 'cpa6', 'emx2', 'MGC75752', 'loc100490816', 'bmp4', 'nid2', 'fn1', 'loc100494945', 'snai2', 'egfl6', 'bmp4', 'jag1', 'loc100490088', 'bcam', 'Xelaev18016080m.g', 'ly6g6c', 'optc', 'ctsb', 'cxcl8', 'Xetrov90018123m', 'fosl1', 'Xelaev18001105m.g', 'dlx3', 'pltp', 'fos', 'Xelaev18003734m.g', 'msx1', 'efemp2', 'txn', 'ppp1r13l', 'cpamd8', 'loc100127750', 'ets2', 'MGC75752', 'twsg1', 'ptgs1', 'dlx3', 'mmp8', 'fam83b', 'loc100486548', 'Xelaev18045649m.g', 'cldn6.2', 'adamts1', 'loc100494945', 'Xelaev18041402m.g', 'acan', 'uaca', 'Xelaev18018612m.g']"
