time,method,model,cluster,marker_count,overlap_count,overlap_ratio
0,leiden,logreg,0,75,0,0.0
0,leiden,logreg,1,75,0,0.0
0,leiden,logreg,2,75,0,0.0
0,leiden,logreg,3,75,0,0.0
0,leiden,logreg,4,75,0,0.0
0,leiden,logreg,5,75,0,0.0
0,leiden,logreg,6,75,0,0.0
0,leiden,logreg,7,75,0,0.0
0,leiden,logreg,8,75,0,0.0
0,leiden,logreg,9,75,0,0.0
0,leiden,logreg,10,75,0,0.0
0,leiden,logreg,11,75,0,0.0
0,leiden,logreg,12,75,0,0.0
0,leiden,logreg,13,75,0,0.0
0,leiden,logreg,14,75,0,0.0
0,leiden,logreg,15,75,0,0.0
0,leiden,logreg,16,75,0,0.0
0,leiden,logreg,17,75,0,0.0
0,leiden,logreg,18,75,0,0.0
0,leiden,logreg,19,75,0,0.0
0,leiden,logreg,20,75,0,0.0
0,leiden,logreg,21,75,0,0.0
0,leiden,logreg,22,75,0,0.0
0,leiden,logreg,23,75,0,0.0
0,leiden,logreg,24,75,0,0.0
0,leiden,logreg,25,75,0,0.0
0,leiden,logreg,26,75,0,0.0
0,leiden,logreg,27,75,0,0.0
0,leiden,logreg,28,75,0,0.0
0,leiden,logreg,29,75,0,0.0
0,leiden,logreg,30,75,0,0.0
0,leiden,logreg,31,75,0,0.0
0,leiden,xgboost,0,75,0,0.0
0,leiden,xgboost,1,75,0,0.0
0,leiden,xgboost,2,75,0,0.0
0,leiden,xgboost,3,75,0,0.0
0,leiden,xgboost,4,75,0,0.0
0,leiden,xgboost,5,75,0,0.0
0,leiden,xgboost,6,75,0,0.0
0,leiden,xgboost,7,75,0,0.0
0,leiden,xgboost,8,75,0,0.0
0,leiden,xgboost,9,75,0,0.0
0,leiden,xgboost,10,75,0,0.0
0,leiden,xgboost,11,75,0,0.0
0,leiden,xgboost,12,75,0,0.0
0,leiden,xgboost,13,75,0,0.0
0,leiden,xgboost,14,75,0,0.0
0,leiden,xgboost,15,75,0,0.0
0,leiden,xgboost,16,75,0,0.0
0,leiden,xgboost,17,75,0,0.0
0,leiden,xgboost,18,75,0,0.0
0,leiden,xgboost,19,75,0,0.0
0,leiden,xgboost,20,75,0,0.0
0,leiden,xgboost,21,75,0,0.0
0,leiden,xgboost,22,75,0,0.0
0,leiden,xgboost,23,75,0,0.0
0,leiden,xgboost,24,75,0,0.0
0,leiden,xgboost,25,75,0,0.0
0,leiden,xgboost,26,75,0,0.0
0,leiden,xgboost,27,75,0,0.0
0,leiden,xgboost,28,75,0,0.0
0,leiden,xgboost,29,75,0,0.0
0,leiden,xgboost,30,75,0,0.0
0,leiden,xgboost,31,75,0,0.0
0,leiden,svm,0,75,0,0.0
0,leiden,svm,1,75,0,0.0
0,leiden,svm,2,75,0,0.0
0,leiden,svm,3,75,0,0.0
0,leiden,svm,4,75,0,0.0
0,leiden,svm,5,75,0,0.0
0,leiden,svm,6,75,0,0.0
0,leiden,svm,7,75,0,0.0
0,leiden,svm,8,75,0,0.0
0,leiden,svm,9,75,0,0.0
0,leiden,svm,10,75,0,0.0
0,leiden,svm,11,75,0,0.0
0,leiden,svm,12,75,0,0.0
0,leiden,svm,13,75,0,0.0
0,leiden,svm,14,75,0,0.0
0,leiden,svm,15,75,0,0.0
0,leiden,svm,16,75,0,0.0
0,leiden,svm,17,75,0,0.0
0,leiden,svm,18,75,0,0.0
0,leiden,svm,19,75,0,0.0
0,leiden,svm,20,75,0,0.0
0,leiden,svm,21,75,0,0.0
0,leiden,svm,22,75,0,0.0
0,leiden,svm,23,75,0,0.0
0,leiden,svm,24,75,0,0.0
0,leiden,svm,25,75,0,0.0
0,leiden,svm,26,75,0,0.0
0,leiden,svm,27,75,0,0.0
0,leiden,svm,28,75,0,0.0
0,leiden,svm,29,75,0,0.0
0,leiden,svm,30,75,0,0.0
0,leiden,svm,31,75,0,0.0
0,louvain,logreg,0,75,0,0.0
0,louvain,logreg,1,75,0,0.0
0,louvain,logreg,2,75,0,0.0
0,louvain,logreg,3,75,0,0.0
0,louvain,logreg,4,75,0,0.0
0,louvain,logreg,5,75,0,0.0
0,louvain,logreg,6,75,0,0.0
0,louvain,logreg,7,75,0,0.0
0,louvain,logreg,8,75,0,0.0
0,louvain,logreg,9,75,0,0.0
0,louvain,logreg,10,75,0,0.0
0,louvain,logreg,11,75,0,0.0
0,louvain,logreg,12,75,0,0.0
0,louvain,logreg,13,75,0,0.0
0,louvain,logreg,14,75,0,0.0
0,louvain,logreg,15,75,0,0.0
0,louvain,logreg,16,75,0,0.0
0,louvain,logreg,17,75,0,0.0
0,louvain,logreg,18,75,0,0.0
0,louvain,logreg,19,75,0,0.0
0,louvain,logreg,20,75,0,0.0
0,louvain,logreg,21,75,0,0.0
0,louvain,logreg,22,75,0,0.0
0,louvain,logreg,23,75,0,0.0
0,louvain,logreg,24,75,0,0.0
0,louvain,xgboost,0,75,0,0.0
0,louvain,xgboost,1,75,0,0.0
0,louvain,xgboost,2,75,0,0.0
0,louvain,xgboost,3,75,0,0.0
0,louvain,xgboost,4,75,0,0.0
0,louvain,xgboost,5,75,0,0.0
0,louvain,xgboost,6,75,0,0.0
0,louvain,xgboost,7,75,0,0.0
0,louvain,xgboost,8,75,0,0.0
0,louvain,xgboost,9,75,0,0.0
0,louvain,xgboost,10,75,0,0.0
0,louvain,xgboost,11,75,0,0.0
0,louvain,xgboost,12,75,0,0.0
0,louvain,xgboost,13,75,0,0.0
0,louvain,xgboost,14,75,0,0.0
0,louvain,xgboost,15,75,0,0.0
0,louvain,xgboost,16,75,0,0.0
0,louvain,xgboost,17,75,0,0.0
0,louvain,xgboost,18,75,0,0.0
0,louvain,xgboost,19,75,0,0.0
0,louvain,xgboost,20,75,0,0.0
0,louvain,xgboost,21,75,0,0.0
0,louvain,xgboost,22,75,0,0.0
0,louvain,xgboost,23,75,0,0.0
0,louvain,xgboost,24,75,0,0.0
0,louvain,svm,0,75,0,0.0
0,louvain,svm,1,75,0,0.0
0,louvain,svm,2,75,0,0.0
0,louvain,svm,3,75,0,0.0
0,louvain,svm,4,75,0,0.0
0,louvain,svm,5,75,0,0.0
0,louvain,svm,6,75,0,0.0
0,louvain,svm,7,75,0,0.0
0,louvain,svm,8,75,0,0.0
0,louvain,svm,9,75,0,0.0
0,louvain,svm,10,75,0,0.0
0,louvain,svm,11,75,0,0.0
0,louvain,svm,12,75,0,0.0
0,louvain,svm,13,75,0,0.0
0,louvain,svm,14,75,0,0.0
0,louvain,svm,15,75,0,0.0
0,louvain,svm,16,75,0,0.0
0,louvain,svm,17,75,0,0.0
0,louvain,svm,18,75,0,0.0
0,louvain,svm,19,75,0,0.0
0,louvain,svm,20,75,0,0.0
0,louvain,svm,21,75,0,0.0
0,louvain,svm,22,75,0,0.0
0,louvain,svm,23,75,0,0.0
0,louvain,svm,24,75,0,0.0
0,kmeans,logreg,0,75,0,0.0
0,kmeans,logreg,1,75,0,0.0
0,kmeans,logreg,2,75,0,0.0
0,kmeans,logreg,3,75,0,0.0
0,kmeans,logreg,4,75,0,0.0
0,kmeans,logreg,5,75,0,0.0
0,kmeans,logreg,6,75,0,0.0
0,kmeans,logreg,7,75,0,0.0
0,kmeans,logreg,8,75,0,0.0
0,kmeans,logreg,9,75,0,0.0
0,kmeans,xgboost,0,75,0,0.0
0,kmeans,xgboost,1,75,0,0.0
0,kmeans,xgboost,2,75,0,0.0
0,kmeans,xgboost,3,75,0,0.0
0,kmeans,xgboost,4,75,0,0.0
0,kmeans,xgboost,5,75,0,0.0
0,kmeans,xgboost,6,75,0,0.0
0,kmeans,xgboost,7,75,0,0.0
0,kmeans,xgboost,8,75,0,0.0
0,kmeans,xgboost,9,75,0,0.0
0,kmeans,svm,0,75,0,0.0
0,kmeans,svm,1,75,0,0.0
0,kmeans,svm,2,75,0,0.0
0,kmeans,svm,3,75,0,0.0
0,kmeans,svm,4,75,0,0.0
0,kmeans,svm,5,75,0,0.0
0,kmeans,svm,6,75,0,0.0
0,kmeans,svm,7,75,0,0.0
0,kmeans,svm,8,75,0,0.0
0,kmeans,svm,9,75,0,0.0
1,leiden,logreg,0,75,0,0.0
1,leiden,logreg,1,75,0,0.0
1,leiden,logreg,2,75,0,0.0
1,leiden,logreg,3,75,0,0.0
1,leiden,logreg,4,75,0,0.0
1,leiden,logreg,5,75,0,0.0
1,leiden,logreg,6,75,0,0.0
1,leiden,logreg,7,75,0,0.0
1,leiden,logreg,8,75,0,0.0
1,leiden,logreg,9,75,0,0.0
1,leiden,logreg,10,75,0,0.0
1,leiden,logreg,11,75,0,0.0
1,leiden,logreg,12,75,0,0.0
1,leiden,logreg,13,75,0,0.0
1,leiden,logreg,14,75,0,0.0
1,leiden,logreg,15,75,0,0.0
1,leiden,logreg,16,75,0,0.0
1,leiden,logreg,17,75,0,0.0
1,leiden,logreg,18,75,0,0.0
1,leiden,logreg,19,75,0,0.0
1,leiden,logreg,20,75,0,0.0
1,leiden,logreg,21,75,0,0.0
1,leiden,logreg,22,75,0,0.0
1,leiden,logreg,23,75,0,0.0
1,leiden,logreg,24,75,0,0.0
1,leiden,logreg,25,75,0,0.0
1,leiden,logreg,26,75,0,0.0
1,leiden,xgboost,0,75,0,0.0
1,leiden,xgboost,1,75,0,0.0
1,leiden,xgboost,2,75,0,0.0
1,leiden,xgboost,3,75,0,0.0
1,leiden,xgboost,4,75,0,0.0
1,leiden,xgboost,5,75,0,0.0
1,leiden,xgboost,6,75,0,0.0
1,leiden,xgboost,7,75,0,0.0
1,leiden,xgboost,8,75,0,0.0
1,leiden,xgboost,9,75,0,0.0
1,leiden,xgboost,10,75,0,0.0
1,leiden,xgboost,11,75,0,0.0
1,leiden,xgboost,12,75,0,0.0
1,leiden,xgboost,13,75,0,0.0
1,leiden,xgboost,14,75,0,0.0
1,leiden,xgboost,15,75,0,0.0
1,leiden,xgboost,16,75,0,0.0
1,leiden,xgboost,17,75,0,0.0
1,leiden,xgboost,18,75,0,0.0
1,leiden,xgboost,19,75,0,0.0
1,leiden,xgboost,20,75,0,0.0
1,leiden,xgboost,21,75,0,0.0
1,leiden,xgboost,22,75,0,0.0
1,leiden,xgboost,23,75,0,0.0
1,leiden,xgboost,24,75,0,0.0
1,leiden,xgboost,25,75,0,0.0
1,leiden,xgboost,26,75,0,0.0
1,leiden,svm,0,75,0,0.0
1,leiden,svm,1,75,0,0.0
1,leiden,svm,2,75,0,0.0
1,leiden,svm,3,75,0,0.0
1,leiden,svm,4,75,0,0.0
1,leiden,svm,5,75,0,0.0
1,leiden,svm,6,75,0,0.0
1,leiden,svm,7,75,0,0.0
1,leiden,svm,8,75,0,0.0
1,leiden,svm,9,75,0,0.0
1,leiden,svm,10,75,0,0.0
1,leiden,svm,11,75,0,0.0
1,leiden,svm,12,75,0,0.0
1,leiden,svm,13,75,0,0.0
1,leiden,svm,14,75,0,0.0
1,leiden,svm,15,75,0,0.0
1,leiden,svm,16,75,0,0.0
1,leiden,svm,17,75,0,0.0
1,leiden,svm,18,75,0,0.0
1,leiden,svm,19,75,0,0.0
1,leiden,svm,20,75,0,0.0
1,leiden,svm,21,75,0,0.0
1,leiden,svm,22,75,0,0.0
1,leiden,svm,23,75,0,0.0
1,leiden,svm,24,75,0,0.0
1,leiden,svm,25,75,0,0.0
1,leiden,svm,26,75,0,0.0
1,louvain,logreg,0,75,0,0.0
1,louvain,logreg,1,75,0,0.0
1,louvain,logreg,2,75,0,0.0
1,louvain,logreg,3,75,0,0.0
1,louvain,logreg,4,75,0,0.0
1,louvain,logreg,5,75,0,0.0
1,louvain,logreg,6,75,0,0.0
1,louvain,logreg,7,75,0,0.0
1,louvain,logreg,8,75,0,0.0
1,louvain,logreg,9,75,0,0.0
1,louvain,logreg,10,75,0,0.0
1,louvain,logreg,11,75,0,0.0
1,louvain,logreg,12,75,0,0.0
1,louvain,logreg,13,75,0,0.0
1,louvain,logreg,14,75,0,0.0
1,louvain,logreg,15,75,0,0.0
1,louvain,logreg,16,75,0,0.0
1,louvain,logreg,17,75,0,0.0
1,louvain,logreg,18,75,0,0.0
1,louvain,logreg,19,75,0,0.0
1,louvain,logreg,20,75,0,0.0
1,louvain,logreg,21,75,0,0.0
1,louvain,xgboost,0,75,0,0.0
1,louvain,xgboost,1,75,0,0.0
1,louvain,xgboost,2,75,0,0.0
1,louvain,xgboost,3,75,0,0.0
1,louvain,xgboost,4,75,0,0.0
1,louvain,xgboost,5,75,0,0.0
1,louvain,xgboost,6,75,0,0.0
1,louvain,xgboost,7,75,0,0.0
1,louvain,xgboost,8,75,0,0.0
1,louvain,xgboost,9,75,0,0.0
1,louvain,xgboost,10,75,0,0.0
1,louvain,xgboost,11,75,0,0.0
1,louvain,xgboost,12,75,0,0.0
1,louvain,xgboost,13,75,0,0.0
1,louvain,xgboost,14,75,0,0.0
1,louvain,xgboost,15,75,0,0.0
1,louvain,xgboost,16,75,0,0.0
1,louvain,xgboost,17,75,0,0.0
1,louvain,xgboost,18,75,0,0.0
1,louvain,xgboost,19,75,0,0.0
1,louvain,xgboost,20,75,0,0.0
1,louvain,xgboost,21,75,0,0.0
1,louvain,svm,0,75,0,0.0
1,louvain,svm,1,75,0,0.0
1,louvain,svm,2,75,0,0.0
1,louvain,svm,3,75,0,0.0
1,louvain,svm,4,75,0,0.0
1,louvain,svm,5,75,0,0.0
1,louvain,svm,6,75,0,0.0
1,louvain,svm,7,75,0,0.0
1,louvain,svm,8,75,0,0.0
1,louvain,svm,9,75,0,0.0
1,louvain,svm,10,75,0,0.0
1,louvain,svm,11,75,0,0.0
1,louvain,svm,12,75,0,0.0
1,louvain,svm,13,75,0,0.0
1,louvain,svm,14,75,0,0.0
1,louvain,svm,15,75,0,0.0
1,louvain,svm,16,75,0,0.0
1,louvain,svm,17,75,0,0.0
1,louvain,svm,18,75,0,0.0
1,louvain,svm,19,75,0,0.0
1,louvain,svm,20,75,0,0.0
1,louvain,svm,21,75,0,0.0
1,kmeans,logreg,0,75,0,0.0
1,kmeans,logreg,1,75,0,0.0
1,kmeans,logreg,2,75,0,0.0
1,kmeans,logreg,3,75,0,0.0
1,kmeans,logreg,4,75,0,0.0
1,kmeans,logreg,5,75,0,0.0
1,kmeans,logreg,6,75,0,0.0
1,kmeans,logreg,7,75,0,0.0
1,kmeans,logreg,8,75,0,0.0
1,kmeans,logreg,9,75,0,0.0
1,kmeans,xgboost,0,75,0,0.0
1,kmeans,xgboost,1,75,0,0.0
1,kmeans,xgboost,2,75,0,0.0
1,kmeans,xgboost,3,75,0,0.0
1,kmeans,xgboost,4,75,0,0.0
1,kmeans,xgboost,5,75,0,0.0
1,kmeans,xgboost,6,75,0,0.0
1,kmeans,xgboost,7,75,0,0.0
1,kmeans,xgboost,8,75,0,0.0
1,kmeans,xgboost,9,75,0,0.0
1,kmeans,svm,0,75,0,0.0
1,kmeans,svm,1,75,0,0.0
1,kmeans,svm,2,75,0,0.0
1,kmeans,svm,3,75,0,0.0
1,kmeans,svm,4,75,0,0.0
1,kmeans,svm,5,75,0,0.0
1,kmeans,svm,6,75,0,0.0
1,kmeans,svm,7,75,0,0.0
1,kmeans,svm,8,75,0,0.0
1,kmeans,svm,9,75,0,0.0
2,leiden,logreg,0,75,0,0.0
2,leiden,logreg,1,75,0,0.0
2,leiden,logreg,2,75,0,0.0
2,leiden,logreg,3,75,0,0.0
2,leiden,logreg,4,75,0,0.0
2,leiden,logreg,5,75,0,0.0
2,leiden,logreg,6,75,0,0.0
2,leiden,logreg,7,75,0,0.0
2,leiden,logreg,8,75,0,0.0
2,leiden,logreg,9,75,0,0.0
2,leiden,logreg,10,75,0,0.0
2,leiden,logreg,11,75,0,0.0
2,leiden,logreg,12,75,0,0.0
2,leiden,logreg,13,75,0,0.0
2,leiden,logreg,14,75,0,0.0
2,leiden,logreg,15,75,0,0.0
2,leiden,logreg,16,75,0,0.0
2,leiden,logreg,17,75,0,0.0
2,leiden,logreg,18,75,0,0.0
2,leiden,logreg,19,75,0,0.0
2,leiden,logreg,20,75,0,0.0
2,leiden,logreg,21,75,0,0.0
2,leiden,logreg,22,75,0,0.0
2,leiden,logreg,23,75,0,0.0
2,leiden,logreg,24,75,0,0.0
2,leiden,logreg,25,75,0,0.0
2,leiden,xgboost,0,75,0,0.0
2,leiden,xgboost,1,75,0,0.0
2,leiden,xgboost,2,75,0,0.0
2,leiden,xgboost,3,75,0,0.0
2,leiden,xgboost,4,75,0,0.0
2,leiden,xgboost,5,75,0,0.0
2,leiden,xgboost,6,75,0,0.0
2,leiden,xgboost,7,75,0,0.0
2,leiden,xgboost,8,75,0,0.0
2,leiden,xgboost,9,75,0,0.0
2,leiden,xgboost,10,75,0,0.0
2,leiden,xgboost,11,75,0,0.0
2,leiden,xgboost,12,75,0,0.0
2,leiden,xgboost,13,75,0,0.0
2,leiden,xgboost,14,75,0,0.0
2,leiden,xgboost,15,75,0,0.0
2,leiden,xgboost,16,75,0,0.0
2,leiden,xgboost,17,75,0,0.0
2,leiden,xgboost,18,75,0,0.0
2,leiden,xgboost,19,75,0,0.0
2,leiden,xgboost,20,75,0,0.0
2,leiden,xgboost,21,75,0,0.0
2,leiden,xgboost,22,75,0,0.0
2,leiden,xgboost,23,75,0,0.0
2,leiden,xgboost,24,75,0,0.0
2,leiden,xgboost,25,75,0,0.0
2,leiden,svm,0,75,0,0.0
2,leiden,svm,1,75,0,0.0
2,leiden,svm,2,75,0,0.0
2,leiden,svm,3,75,0,0.0
2,leiden,svm,4,75,0,0.0
2,leiden,svm,5,75,0,0.0
2,leiden,svm,6,75,0,0.0
2,leiden,svm,7,75,0,0.0
2,leiden,svm,8,75,0,0.0
2,leiden,svm,9,75,0,0.0
2,leiden,svm,10,75,0,0.0
2,leiden,svm,11,75,0,0.0
2,leiden,svm,12,75,0,0.0
2,leiden,svm,13,75,0,0.0
2,leiden,svm,14,75,0,0.0
2,leiden,svm,15,75,0,0.0
2,leiden,svm,16,75,0,0.0
2,leiden,svm,17,75,0,0.0
2,leiden,svm,18,75,0,0.0
2,leiden,svm,19,75,0,0.0
2,leiden,svm,20,75,0,0.0
2,leiden,svm,21,75,0,0.0
2,leiden,svm,22,75,0,0.0
2,leiden,svm,23,75,0,0.0
2,leiden,svm,24,75,0,0.0
2,leiden,svm,25,75,0,0.0
2,louvain,logreg,0,75,0,0.0
2,louvain,logreg,1,75,0,0.0
2,louvain,logreg,2,75,0,0.0
2,louvain,logreg,3,75,0,0.0
2,louvain,logreg,4,75,0,0.0
2,louvain,logreg,5,75,0,0.0
2,louvain,logreg,6,75,0,0.0
2,louvain,logreg,7,75,0,0.0
2,louvain,logreg,8,75,0,0.0
2,louvain,logreg,9,75,0,0.0
2,louvain,logreg,10,75,0,0.0
2,louvain,logreg,11,75,0,0.0
2,louvain,logreg,12,75,0,0.0
2,louvain,logreg,13,75,0,0.0
2,louvain,logreg,14,75,0,0.0
2,louvain,logreg,15,75,0,0.0
2,louvain,logreg,16,75,0,0.0
2,louvain,logreg,17,75,0,0.0
2,louvain,logreg,18,75,0,0.0
2,louvain,logreg,19,75,0,0.0
2,louvain,logreg,20,75,0,0.0
2,louvain,xgboost,0,75,0,0.0
2,louvain,xgboost,1,75,0,0.0
2,louvain,xgboost,2,75,0,0.0
2,louvain,xgboost,3,75,0,0.0
2,louvain,xgboost,4,75,0,0.0
2,louvain,xgboost,5,75,0,0.0
2,louvain,xgboost,6,75,0,0.0
2,louvain,xgboost,7,75,0,0.0
2,louvain,xgboost,8,75,0,0.0
2,louvain,xgboost,9,75,0,0.0
2,louvain,xgboost,10,75,0,0.0
2,louvain,xgboost,11,75,0,0.0
2,louvain,xgboost,12,75,0,0.0
2,louvain,xgboost,13,75,0,0.0
2,louvain,xgboost,14,75,0,0.0
2,louvain,xgboost,15,75,0,0.0
2,louvain,xgboost,16,75,0,0.0
2,louvain,xgboost,17,75,0,0.0
2,louvain,xgboost,18,75,0,0.0
2,louvain,xgboost,19,75,0,0.0
2,louvain,xgboost,20,75,0,0.0
2,louvain,svm,0,75,0,0.0
2,louvain,svm,1,75,0,0.0
2,louvain,svm,2,75,0,0.0
2,louvain,svm,3,75,0,0.0
2,louvain,svm,4,75,0,0.0
2,louvain,svm,5,75,0,0.0
2,louvain,svm,6,75,0,0.0
2,louvain,svm,7,75,0,0.0
2,louvain,svm,8,75,0,0.0
2,louvain,svm,9,75,0,0.0
2,louvain,svm,10,75,0,0.0
2,louvain,svm,11,75,0,0.0
2,louvain,svm,12,75,0,0.0
2,louvain,svm,13,75,0,0.0
2,louvain,svm,14,75,0,0.0
2,louvain,svm,15,75,0,0.0
2,louvain,svm,16,75,0,0.0
2,louvain,svm,17,75,0,0.0
2,louvain,svm,18,75,0,0.0
2,louvain,svm,19,75,0,0.0
2,louvain,svm,20,75,0,0.0
2,kmeans,logreg,0,75,0,0.0
2,kmeans,logreg,1,75,0,0.0
2,kmeans,logreg,2,75,0,0.0
2,kmeans,logreg,3,75,0,0.0
2,kmeans,logreg,4,75,0,0.0
2,kmeans,logreg,5,75,0,0.0
2,kmeans,logreg,6,75,0,0.0
2,kmeans,logreg,7,75,0,0.0
2,kmeans,logreg,8,75,0,0.0
2,kmeans,logreg,9,75,0,0.0
2,kmeans,xgboost,0,75,0,0.0
2,kmeans,xgboost,1,75,0,0.0
2,kmeans,xgboost,2,75,0,0.0
2,kmeans,xgboost,3,75,0,0.0
2,kmeans,xgboost,4,75,0,0.0
2,kmeans,xgboost,5,75,0,0.0
2,kmeans,xgboost,6,75,0,0.0
2,kmeans,xgboost,7,75,0,0.0
2,kmeans,xgboost,8,75,0,0.0
2,kmeans,xgboost,9,75,0,0.0
2,kmeans,svm,0,75,0,0.0
2,kmeans,svm,1,75,0,0.0
2,kmeans,svm,2,75,0,0.0
2,kmeans,svm,3,75,0,0.0
2,kmeans,svm,4,75,0,0.0
2,kmeans,svm,5,75,0,0.0
2,kmeans,svm,6,75,0,0.0
2,kmeans,svm,7,75,0,0.0
2,kmeans,svm,8,75,0,0.0
2,kmeans,svm,9,75,0,0.0
3,leiden,logreg,0,75,0,0.0
3,leiden,logreg,1,75,0,0.0
3,leiden,logreg,2,75,0,0.0
3,leiden,logreg,3,75,0,0.0
3,leiden,logreg,4,75,0,0.0
3,leiden,logreg,5,75,0,0.0
3,leiden,logreg,6,75,0,0.0
3,leiden,logreg,7,75,0,0.0
3,leiden,logreg,8,75,0,0.0
3,leiden,logreg,9,75,0,0.0
3,leiden,logreg,10,75,0,0.0
3,leiden,logreg,11,75,0,0.0
3,leiden,logreg,12,75,0,0.0
3,leiden,logreg,13,75,0,0.0
3,leiden,logreg,14,75,0,0.0
3,leiden,logreg,15,75,0,0.0
3,leiden,logreg,16,75,0,0.0
3,leiden,logreg,17,75,0,0.0
3,leiden,logreg,18,75,0,0.0
3,leiden,xgboost,0,75,0,0.0
3,leiden,xgboost,1,75,0,0.0
3,leiden,xgboost,2,75,0,0.0
3,leiden,xgboost,3,75,0,0.0
3,leiden,xgboost,4,75,0,0.0
3,leiden,xgboost,5,75,0,0.0
3,leiden,xgboost,6,75,0,0.0
3,leiden,xgboost,7,75,0,0.0
3,leiden,xgboost,8,75,0,0.0
3,leiden,xgboost,9,75,0,0.0
3,leiden,xgboost,10,75,0,0.0
3,leiden,xgboost,11,75,0,0.0
3,leiden,xgboost,12,75,0,0.0
3,leiden,xgboost,13,75,0,0.0
3,leiden,xgboost,14,75,0,0.0
3,leiden,xgboost,15,75,0,0.0
3,leiden,xgboost,16,75,0,0.0
3,leiden,xgboost,17,75,0,0.0
3,leiden,xgboost,18,75,0,0.0
3,leiden,svm,0,75,0,0.0
3,leiden,svm,1,75,0,0.0
3,leiden,svm,2,75,0,0.0
3,leiden,svm,3,75,0,0.0
3,leiden,svm,4,75,0,0.0
3,leiden,svm,5,75,0,0.0
3,leiden,svm,6,75,0,0.0
3,leiden,svm,7,75,0,0.0
3,leiden,svm,8,75,0,0.0
3,leiden,svm,9,75,0,0.0
3,leiden,svm,10,75,0,0.0
3,leiden,svm,11,75,0,0.0
3,leiden,svm,12,75,0,0.0
3,leiden,svm,13,75,0,0.0
3,leiden,svm,14,75,0,0.0
3,leiden,svm,15,75,0,0.0
3,leiden,svm,16,75,0,0.0
3,leiden,svm,17,75,0,0.0
3,leiden,svm,18,75,0,0.0
3,louvain,logreg,0,75,0,0.0
3,louvain,logreg,1,75,0,0.0
3,louvain,logreg,2,75,0,0.0
3,louvain,logreg,3,75,0,0.0
3,louvain,logreg,4,75,0,0.0
3,louvain,logreg,5,75,0,0.0
3,louvain,logreg,6,75,0,0.0
3,louvain,logreg,7,75,0,0.0
3,louvain,logreg,8,75,0,0.0
3,louvain,logreg,9,75,0,0.0
3,louvain,logreg,10,75,0,0.0
3,louvain,logreg,11,75,0,0.0
3,louvain,logreg,12,75,0,0.0
3,louvain,logreg,13,75,0,0.0
3,louvain,logreg,14,75,0,0.0
3,louvain,xgboost,0,75,0,0.0
3,louvain,xgboost,1,75,0,0.0
3,louvain,xgboost,2,75,0,0.0
3,louvain,xgboost,3,75,0,0.0
3,louvain,xgboost,4,75,0,0.0
3,louvain,xgboost,5,75,0,0.0
3,louvain,xgboost,6,75,0,0.0
3,louvain,xgboost,7,75,0,0.0
3,louvain,xgboost,8,75,0,0.0
3,louvain,xgboost,9,75,0,0.0
3,louvain,xgboost,10,75,0,0.0
3,louvain,xgboost,11,75,0,0.0
3,louvain,xgboost,12,75,0,0.0
3,louvain,xgboost,13,75,0,0.0
3,louvain,xgboost,14,75,0,0.0
3,louvain,svm,0,75,0,0.0
3,louvain,svm,1,75,0,0.0
3,louvain,svm,2,75,0,0.0
3,louvain,svm,3,75,0,0.0
3,louvain,svm,4,75,0,0.0
3,louvain,svm,5,75,0,0.0
3,louvain,svm,6,75,0,0.0
3,louvain,svm,7,75,0,0.0
3,louvain,svm,8,75,0,0.0
3,louvain,svm,9,75,0,0.0
3,louvain,svm,10,75,0,0.0
3,louvain,svm,11,75,0,0.0
3,louvain,svm,12,75,0,0.0
3,louvain,svm,13,75,0,0.0
3,louvain,svm,14,75,0,0.0
3,kmeans,logreg,0,75,0,0.0
3,kmeans,logreg,1,75,0,0.0
3,kmeans,logreg,2,75,0,0.0
3,kmeans,logreg,3,75,0,0.0
3,kmeans,logreg,4,75,0,0.0
3,kmeans,logreg,5,75,0,0.0
3,kmeans,logreg,6,75,0,0.0
3,kmeans,logreg,7,75,0,0.0
3,kmeans,logreg,8,75,0,0.0
3,kmeans,logreg,9,75,0,0.0
3,kmeans,xgboost,0,75,0,0.0
3,kmeans,xgboost,1,75,0,0.0
3,kmeans,xgboost,2,75,0,0.0
3,kmeans,xgboost,3,75,0,0.0
3,kmeans,xgboost,4,75,0,0.0
3,kmeans,xgboost,5,75,0,0.0
3,kmeans,xgboost,6,75,0,0.0
3,kmeans,xgboost,7,75,0,0.0
3,kmeans,xgboost,8,75,0,0.0
3,kmeans,xgboost,9,75,0,0.0
3,kmeans,svm,0,75,0,0.0
3,kmeans,svm,1,75,0,0.0
3,kmeans,svm,2,75,0,0.0
3,kmeans,svm,3,75,0,0.0
3,kmeans,svm,4,75,0,0.0
3,kmeans,svm,5,75,0,0.0
3,kmeans,svm,6,75,0,0.0
3,kmeans,svm,7,75,0,0.0
3,kmeans,svm,8,75,0,0.0
3,kmeans,svm,9,75,0,0.0
all,leiden,logreg,0,75,0,0.0
all,leiden,logreg,1,75,0,0.0
all,leiden,logreg,2,75,0,0.0
all,leiden,logreg,3,75,0,0.0
all,leiden,logreg,4,75,0,0.0
all,leiden,logreg,5,75,0,0.0
all,leiden,logreg,6,75,0,0.0
all,leiden,logreg,7,75,0,0.0
all,leiden,logreg,8,75,0,0.0
all,leiden,logreg,9,75,0,0.0
all,leiden,logreg,10,75,0,0.0
all,leiden,logreg,11,75,0,0.0
all,leiden,logreg,12,75,0,0.0
all,leiden,logreg,13,75,0,0.0
all,leiden,logreg,14,75,0,0.0
all,leiden,logreg,15,75,0,0.0
all,leiden,logreg,16,75,0,0.0
all,leiden,logreg,17,75,0,0.0
all,leiden,logreg,18,75,0,0.0
all,leiden,logreg,19,75,0,0.0
all,leiden,logreg,20,75,0,0.0
all,leiden,logreg,21,75,0,0.0
all,leiden,logreg,22,75,0,0.0
all,leiden,logreg,23,75,0,0.0
all,leiden,logreg,24,75,0,0.0
all,leiden,logreg,25,75,0,0.0
all,leiden,logreg,26,75,0,0.0
all,leiden,logreg,27,75,0,0.0
all,leiden,logreg,28,75,0,0.0
all,leiden,logreg,29,75,0,0.0
all,leiden,logreg,30,75,0,0.0
all,leiden,logreg,31,75,0,0.0
all,leiden,logreg,32,75,0,0.0
all,leiden,logreg,33,75,0,0.0
all,leiden,logreg,34,75,0,0.0
all,leiden,xgboost,0,75,0,0.0
all,leiden,xgboost,1,75,0,0.0
all,leiden,xgboost,2,75,0,0.0
all,leiden,xgboost,3,75,0,0.0
all,leiden,xgboost,4,75,0,0.0
all,leiden,xgboost,5,75,0,0.0
all,leiden,xgboost,6,75,0,0.0
all,leiden,xgboost,7,75,0,0.0
all,leiden,xgboost,8,75,0,0.0
all,leiden,xgboost,9,75,0,0.0
all,leiden,xgboost,10,75,0,0.0
all,leiden,xgboost,11,75,0,0.0
all,leiden,xgboost,12,75,0,0.0
all,leiden,xgboost,13,75,0,0.0
all,leiden,xgboost,14,75,0,0.0
all,leiden,xgboost,15,75,0,0.0
all,leiden,xgboost,16,75,0,0.0
all,leiden,xgboost,17,75,0,0.0
all,leiden,xgboost,18,75,0,0.0
all,leiden,xgboost,19,75,0,0.0
all,leiden,xgboost,20,75,0,0.0
all,leiden,xgboost,21,75,0,0.0
all,leiden,xgboost,22,75,0,0.0
all,leiden,xgboost,23,75,0,0.0
all,leiden,xgboost,24,75,0,0.0
all,leiden,xgboost,25,75,0,0.0
all,leiden,xgboost,26,75,0,0.0
all,leiden,xgboost,27,75,0,0.0
all,leiden,xgboost,28,75,0,0.0
all,leiden,xgboost,29,75,0,0.0
all,leiden,xgboost,30,75,0,0.0
all,leiden,xgboost,31,75,0,0.0
all,leiden,xgboost,32,75,0,0.0
all,leiden,xgboost,33,75,0,0.0
all,leiden,xgboost,34,75,0,0.0
all,leiden,svm,0,75,0,0.0
all,leiden,svm,1,75,0,0.0
all,leiden,svm,2,75,0,0.0
all,leiden,svm,3,75,0,0.0
all,leiden,svm,4,75,0,0.0
all,leiden,svm,5,75,0,0.0
all,leiden,svm,6,75,0,0.0
all,leiden,svm,7,75,0,0.0
all,leiden,svm,8,75,0,0.0
all,leiden,svm,9,75,0,0.0
all,leiden,svm,10,75,0,0.0
all,leiden,svm,11,75,0,0.0
all,leiden,svm,12,75,0,0.0
all,leiden,svm,13,75,0,0.0
all,leiden,svm,14,75,0,0.0
all,leiden,svm,15,75,0,0.0
all,leiden,svm,16,75,0,0.0
all,leiden,svm,17,75,0,0.0
all,leiden,svm,18,75,0,0.0
all,leiden,svm,19,75,0,0.0
all,leiden,svm,20,75,0,0.0
all,leiden,svm,21,75,0,0.0
all,leiden,svm,22,75,0,0.0
all,leiden,svm,23,75,0,0.0
all,leiden,svm,24,75,0,0.0
all,leiden,svm,25,75,0,0.0
all,leiden,svm,26,75,0,0.0
all,leiden,svm,27,75,0,0.0
all,leiden,svm,28,75,0,0.0
all,leiden,svm,29,75,0,0.0
all,leiden,svm,30,75,0,0.0
all,leiden,svm,31,75,0,0.0
all,leiden,svm,32,75,0,0.0
all,leiden,svm,33,75,0,0.0
all,leiden,svm,34,75,0,0.0
all,louvain,logreg,0,75,0,0.0
all,louvain,logreg,1,75,0,0.0
all,louvain,logreg,2,75,0,0.0
all,louvain,logreg,3,75,0,0.0
all,louvain,logreg,4,75,0,0.0
all,louvain,logreg,5,75,0,0.0
all,louvain,logreg,6,75,0,0.0
all,louvain,logreg,7,75,0,0.0
all,louvain,logreg,8,75,0,0.0
all,louvain,logreg,9,75,0,0.0
all,louvain,logreg,10,75,0,0.0
all,louvain,logreg,11,75,0,0.0
all,louvain,logreg,12,75,0,0.0
all,louvain,logreg,13,75,0,0.0
all,louvain,logreg,14,75,0,0.0
all,louvain,logreg,15,75,0,0.0
all,louvain,logreg,16,75,0,0.0
all,louvain,logreg,17,75,0,0.0
all,louvain,logreg,18,75,0,0.0
all,louvain,logreg,19,75,0,0.0
all,louvain,logreg,20,75,0,0.0
all,louvain,logreg,21,75,0,0.0
all,louvain,logreg,22,75,0,0.0
all,louvain,logreg,23,75,0,0.0
all,louvain,logreg,24,75,0,0.0
all,louvain,logreg,25,75,0,0.0
all,louvain,xgboost,0,75,0,0.0
all,louvain,xgboost,1,75,0,0.0
all,louvain,xgboost,2,75,0,0.0
all,louvain,xgboost,3,75,0,0.0
all,louvain,xgboost,4,75,0,0.0
all,louvain,xgboost,5,75,0,0.0
all,louvain,xgboost,6,75,0,0.0
all,louvain,xgboost,7,75,0,0.0
all,louvain,xgboost,8,75,0,0.0
all,louvain,xgboost,9,75,0,0.0
all,louvain,xgboost,10,75,0,0.0
all,louvain,xgboost,11,75,0,0.0
all,louvain,xgboost,12,75,0,0.0
all,louvain,xgboost,13,75,0,0.0
all,louvain,xgboost,14,75,0,0.0
all,louvain,xgboost,15,75,0,0.0
all,louvain,xgboost,16,75,0,0.0
all,louvain,xgboost,17,75,0,0.0
all,louvain,xgboost,18,75,0,0.0
all,louvain,xgboost,19,75,0,0.0
all,louvain,xgboost,20,75,0,0.0
all,louvain,xgboost,21,75,0,0.0
all,louvain,xgboost,22,75,0,0.0
all,louvain,xgboost,23,75,0,0.0
all,louvain,xgboost,24,75,0,0.0
all,louvain,xgboost,25,75,0,0.0
all,louvain,svm,0,75,0,0.0
all,louvain,svm,1,75,0,0.0
all,louvain,svm,2,75,0,0.0
all,louvain,svm,3,75,0,0.0
all,louvain,svm,4,75,0,0.0
all,louvain,svm,5,75,0,0.0
all,louvain,svm,6,75,0,0.0
all,louvain,svm,7,75,0,0.0
all,louvain,svm,8,75,0,0.0
all,louvain,svm,9,75,0,0.0
all,louvain,svm,10,75,0,0.0
all,louvain,svm,11,75,0,0.0
all,louvain,svm,12,75,0,0.0
all,louvain,svm,13,75,0,0.0
all,louvain,svm,14,75,0,0.0
all,louvain,svm,15,75,0,0.0
all,louvain,svm,16,75,0,0.0
all,louvain,svm,17,75,0,0.0
all,louvain,svm,18,75,0,0.0
all,louvain,svm,19,75,0,0.0
all,louvain,svm,20,75,0,0.0
all,louvain,svm,21,75,0,0.0
all,louvain,svm,22,75,0,0.0
all,louvain,svm,23,75,0,0.0
all,louvain,svm,24,75,0,0.0
all,louvain,svm,25,75,0,0.0
all,kmeans,logreg,0,75,0,0.0
all,kmeans,logreg,1,75,0,0.0
all,kmeans,logreg,2,75,0,0.0
all,kmeans,logreg,3,75,0,0.0
all,kmeans,logreg,4,75,0,0.0
all,kmeans,logreg,5,75,0,0.0
all,kmeans,logreg,6,75,0,0.0
all,kmeans,logreg,7,75,0,0.0
all,kmeans,logreg,8,75,0,0.0
all,kmeans,logreg,9,75,0,0.0
all,kmeans,xgboost,0,75,0,0.0
all,kmeans,xgboost,1,75,0,0.0
all,kmeans,xgboost,2,75,0,0.0
all,kmeans,xgboost,3,75,0,0.0
all,kmeans,xgboost,4,75,0,0.0
all,kmeans,xgboost,5,75,0,0.0
all,kmeans,xgboost,6,75,0,0.0
all,kmeans,xgboost,7,75,0,0.0
all,kmeans,xgboost,8,75,0,0.0
all,kmeans,xgboost,9,75,0,0.0
all,kmeans,svm,0,75,0,0.0
all,kmeans,svm,1,75,0,0.0
all,kmeans,svm,2,75,0,0.0
all,kmeans,svm,3,75,0,0.0
all,kmeans,svm,4,75,0,0.0
all,kmeans,svm,5,75,0,0.0
all,kmeans,svm,6,75,0,0.0
all,kmeans,svm,7,75,0,0.0
all,kmeans,svm,8,75,0,0.0
all,kmeans,svm,9,75,0,0.0
